Year,Team,Pick,Round,Round Pick,Player
2015.0,Team(Pinkiest Pinkster),1.0,1.0,1.0,Joique Bell
2015.0,Team(Chalupa Batman),2.0,1.0,2.0,Jamaal Charles
2015.0,Team(Ben's  Basketballs),3.0,1.0,3.0,Adrian Peterson
2015.0,Team(Seattle Mist),4.0,1.0,4.0,DeMarco Murray
2015.0,Team(Babanusa Battle Turtles),5.0,1.0,5.0,Eddie Lacy
2015.0,Team(The Huskies),6.0,1.0,6.0,Antonio Brown
2015.0,Team(Rigger _),7.0,1.0,7.0,Aaron Rodgers
2015.0,Team(Team skittles),8.0,1.0,8.0,Marshawn Lynch
2015.0,Team(Trinidad Tribal Sharks),9.0,1.0,9.0,LeSean McCoy
2015.0,Team(L.A. Wheat Thins),10.0,1.0,10.0,Arian Foster
2015.0,Team(Tittsburgh Feelers),11.0,1.0,11.0,C.J. Anderson
2015.0,Team(Team Zobel),12.0,1.0,12.0,Matt Forte
2015.0,Team(Pinkiest Pinkster),13.0,2.0,1.0,Le'Veon Bell
2015.0,Team(Chalupa Batman),14.0,2.0,2.0,Calvin Johnson
2015.0,Team(Ben's  Basketballs),15.0,2.0,3.0,Julio Jones
2015.0,Team(Seattle Mist),16.0,2.0,4.0,Russell Wilson
2015.0,Team(Babanusa Battle Turtles),17.0,2.0,5.0,Jordy Nelson
2015.0,Team(The Huskies),18.0,2.0,6.0,Jeremy Hill
2015.0,Team(Rigger _),19.0,2.0,7.0,Mark Ingram
2015.0,Team(Team skittles),20.0,2.0,8.0,Dez Bryant
2015.0,Team(Trinidad Tribal Sharks),21.0,2.0,9.0,Mike Evans
2015.0,Team(L.A. Wheat Thins),22.0,2.0,10.0,Rob Gronkowski
2015.0,Team(Tittsburgh Feelers),23.0,2.0,11.0,Andrew Luck
2015.0,Team(Team Zobel),24.0,2.0,12.0,Demaryius Thomas
2015.0,Team(Pinkiest Pinkster),25.0,3.0,1.0,Odell Beckham Jr.
2015.0,Team(Chalupa Batman),26.0,3.0,2.0,Jimmy Graham
2015.0,Team(Ben's  Basketballs),27.0,3.0,3.0,A.J. Green
2015.0,Team(Seattle Mist),28.0,3.0,4.0,T.Y. Hilton
2015.0,Team(Babanusa Battle Turtles),29.0,3.0,5.0,Ben Roethlisberger
2015.0,Team(The Huskies),30.0,3.0,6.0,Alshon Jeffery
2015.0,Team(Rigger _),31.0,3.0,7.0,Emmanuel Sanders
2015.0,Team(Team skittles),32.0,3.0,8.0,Melvin Gordon
2015.0,Team(Trinidad Tribal Sharks),33.0,3.0,9.0,Alfred Morris
2015.0,Team(L.A. Wheat Thins),34.0,3.0,10.0,Randall Cobb
2015.0,Team(Tittsburgh Feelers),35.0,3.0,11.0,DeAndre Hopkins
2015.0,Team(Team Zobel),36.0,3.0,12.0,Lamar Miller
2015.0,Team(Pinkiest Pinkster),37.0,4.0,1.0,Justin Forsett
2015.0,Team(Chalupa Batman),38.0,4.0,2.0,DeSean Jackson
2015.0,Team(Ben's  Basketballs),39.0,4.0,3.0,Todd Gurley
2015.0,Team(Seattle Mist),40.0,4.0,4.0,Latavius Murray
2015.0,Team(Babanusa Battle Turtles),41.0,4.0,5.0,Frank Gore
2015.0,Team(The Huskies),42.0,4.0,6.0,LeGarrette Blount
2015.0,Team(Rigger _),43.0,4.0,7.0,Carlos Hyde
2015.0,Team(Team skittles),44.0,4.0,8.0,Jordan Matthews
2015.0,Team(Trinidad Tribal Sharks),45.0,4.0,9.0,Keenan Allen
2015.0,Team(L.A. Wheat Thins),46.0,4.0,10.0,Jonathan Stewart
2015.0,Team(Tittsburgh Feelers),47.0,4.0,11.0,Brandin Cooks
2015.0,Team(Team Zobel),48.0,4.0,12.0,Kelvin Benjamin
2015.0,Team(Pinkiest Pinkster),49.0,5.0,1.0,Golden Tate
2015.0,Team(Chalupa Batman),50.0,5.0,2.0,Peyton Manning
2015.0,Team(Ben's  Basketballs),51.0,5.0,3.0,Rashad Jennings
2015.0,Team(Seattle Mist),52.0,5.0,4.0,Amari Cooper
2015.0,Team(Babanusa Battle Turtles),53.0,5.0,5.0,Julian Edelman
2015.0,Team(The Huskies),54.0,5.0,6.0,T.J. Yeldon
2015.0,Team(Rigger _),55.0,5.0,7.0,Kevin White
2015.0,Team(Team skittles),56.0,5.0,8.0,Joseph Randle
2015.0,Team(Trinidad Tribal Sharks),57.0,5.0,9.0,Andre Johnson
2015.0,Team(L.A. Wheat Thins),58.0,5.0,10.0,Sammy Watkins
2015.0,Team(Tittsburgh Feelers),59.0,5.0,11.0,Andre Ellington
2015.0,Team(Team Zobel),60.0,5.0,12.0,Drew Brees
2015.0,Team(Pinkiest Pinkster),61.0,6.0,1.0,Cam Newton
2015.0,Team(Chalupa Batman),62.0,6.0,2.0,Tre Mason
2015.0,Team(Ben's  Basketballs),63.0,6.0,3.0,Brandon Marshall
2015.0,Team(Seattle Mist),64.0,6.0,4.0,Greg Olsen
2015.0,Team(Babanusa Battle Turtles),65.0,6.0,5.0,Martellus Bennett
2015.0,Team(The Huskies),66.0,6.0,6.0,Nelson Agholor
2015.0,Team(Rigger _),67.0,6.0,7.0,Jeremy Maclin
2015.0,Team(Team skittles),68.0,6.0,8.0,Jarvis Landry
2015.0,Team(Trinidad Tribal Sharks),69.0,6.0,9.0,Isaiah Crowell
2015.0,Team(L.A. Wheat Thins),70.0,6.0,10.0,Mike Wallace
2015.0,Team(Tittsburgh Feelers),71.0,6.0,11.0,Allen Robinson
2015.0,Team(Team Zobel),72.0,6.0,12.0,Tevin Coleman
2015.0,Team(Pinkiest Pinkster),73.0,7.0,1.0,Vincent Jackson
2015.0,Team(Chalupa Batman),74.0,7.0,2.0,Malcom Floyd
2015.0,Team(Ben's  Basketballs),75.0,7.0,3.0,Breshad Perriman
2015.0,Team(Seattle Mist),76.0,7.0,4.0,Brandon LaFell
2015.0,Team(Babanusa Battle Turtles),77.0,7.0,5.0,Eric Decker
2015.0,Team(The Huskies),78.0,7.0,6.0,Bishop Sankey
2015.0,Team(Rigger _),79.0,7.0,7.0,Julius Thomas
2015.0,Team(Team skittles),80.0,7.0,8.0,Travis Kelce
2015.0,Team(Trinidad Tribal Sharks),81.0,7.0,9.0,Matthew Stafford
2015.0,Team(L.A. Wheat Thins),82.0,7.0,10.0,Martavis Bryant
2015.0,Team(Tittsburgh Feelers),83.0,7.0,11.0,Chris Ivory
2015.0,Team(Team Zobel),84.0,7.0,12.0,Giovani Bernard
2015.0,Team(Team Zobel),85.0,8.0,1.0,Torrey Smith
2015.0,Team(Tittsburgh Feelers),86.0,8.0,2.0,Roddy White
2015.0,Team(L.A. Wheat Thins),87.0,8.0,3.0,Matt Ryan
2015.0,Team(Trinidad Tribal Sharks),88.0,8.0,4.0,Larry Fitzgerald
2015.0,Team(Team skittles),89.0,8.0,5.0,Jordan Cameron
2015.0,Team(Rigger _),90.0,8.0,6.0,Duke Johnson Jr.
2015.0,Team(The Huskies),91.0,8.0,7.0,Jason Witten
2015.0,Team(Babanusa Battle Turtles),92.0,8.0,8.0,Stephen Gostkowski
2015.0,Team(Seattle Mist),93.0,8.0,9.0,Darren McFadden
2015.0,Team(Ben's  Basketballs),94.0,8.0,10.0,Davante Adams
2015.0,Team(Chalupa Batman),95.0,8.0,11.0,Seahawks D/ST
2015.0,Team(Pinkiest Pinkster),96.0,8.0,12.0,Marques Colston
2015.0,Team(Pinkiest Pinkster),97.0,9.0,1.0,Dwayne Allen
2015.0,Team(Chalupa Batman),98.0,9.0,2.0,Brian Quick
2015.0,Team(Ben's  Basketballs),99.0,9.0,3.0,Doug Martin
2015.0,Team(Seattle Mist),100.0,9.0,4.0,Percy Harvin
2015.0,Team(Babanusa Battle Turtles),101.0,9.0,5.0,Tom Brady
2015.0,Team(The Huskies),102.0,9.0,6.0,Ryan Tannehill
2015.0,Team(Rigger _),103.0,9.0,7.0,Jay Ajayi
2015.0,Team(Team skittles),104.0,9.0,8.0,Tony Romo
2015.0,Team(Trinidad Tribal Sharks),105.0,9.0,9.0,Philip Rivers
2015.0,Team(L.A. Wheat Thins),106.0,9.0,10.0,Ryan Mathews
2015.0,Team(Tittsburgh Feelers),107.0,9.0,11.0,C.J. Spiller
2015.0,Team(Team Zobel),108.0,9.0,12.0,Zach Ertz
2015.0,Team(Team Zobel),109.0,10.0,1.0,Charles Johnson
2015.0,Team(Tittsburgh Feelers),110.0,10.0,2.0,Delanie Walker
2015.0,Team(L.A. Wheat Thins),111.0,10.0,3.0,Denard Robinson
2015.0,Team(Trinidad Tribal Sharks),112.0,10.0,4.0,Owen Daniels
2015.0,Team(Team skittles),113.0,10.0,5.0,Eli Manning
2015.0,Team(Rigger _),114.0,10.0,6.0,Bills D/ST
2015.0,Team(The Huskies),115.0,10.0,7.0,Kendall Wright
2015.0,Team(Babanusa Battle Turtles),116.0,10.0,8.0,Rams D/ST
2015.0,Team(Seattle Mist),117.0,10.0,9.0,Victor Cruz
2015.0,Team(Ben's  Basketballs),118.0,10.0,10.0,Sam Bradford
2015.0,Team(Chalupa Batman),119.0,10.0,11.0,Teddy Bridgewater
2015.0,Team(Pinkiest Pinkster),120.0,10.0,12.0,Donte Moncrief
2015.0,Team(Pinkiest Pinkster),121.0,11.0,1.0,Jameis Winston
2015.0,Team(Chalupa Batman),122.0,11.0,2.0,Brandon Bolden
2015.0,Team(Ben's  Basketballs),123.0,11.0,3.0,Tyler Lockett
2015.0,Team(Seattle Mist),124.0,11.0,4.0,Cody Latimer
2015.0,Team(Babanusa Battle Turtles),125.0,11.0,5.0,Shane Vereen
2015.0,Team(The Huskies),126.0,11.0,6.0,Jets D/ST
2015.0,Team(Rigger _),127.0,11.0,7.0,Dorial Green-Beckham
2015.0,Team(Team skittles),128.0,11.0,8.0,Dolphins D/ST
2015.0,Team(Trinidad Tribal Sharks),129.0,11.0,9.0,Broncos D/ST
2015.0,Team(L.A. Wheat Thins),130.0,11.0,10.0,Texans D/ST
2015.0,Team(Tittsburgh Feelers),131.0,11.0,11.0,Eagles D/ST
2015.0,Team(Team Zobel),132.0,11.0,12.0,Colin Kaepernick
2015.0,Team(Team Zobel),133.0,12.0,1.0,Michael Crabtree
2015.0,Team(Tittsburgh Feelers),134.0,12.0,2.0,Marcus Mariota
2015.0,Team(L.A. Wheat Thins),135.0,12.0,3.0,Alfred Blue
2015.0,Team(Trinidad Tribal Sharks),136.0,12.0,4.0,Antonio Gates
2015.0,Team(Team skittles),137.0,12.0,5.0,DeVante Parker
2015.0,Team(Rigger _),138.0,12.0,6.0,Andy Dalton
2015.0,Team(The Huskies),139.0,12.0,7.0,David Cobb
2015.0,Team(Babanusa Battle Turtles),140.0,12.0,8.0,Josh Hill
2015.0,Team(Seattle Mist),141.0,12.0,9.0,Boobie Dixon
2015.0,Team(Ben's  Basketballs),142.0,12.0,10.0,Jaelen Strong
2015.0,Team(Chalupa Batman),143.0,12.0,11.0,Dan Bailey
2015.0,Team(Pinkiest Pinkster),144.0,12.0,12.0,Larry Donnell
2015.0,Team(Pinkiest Pinkster),145.0,13.0,1.0,Steven Hauschka
2015.0,Team(Chalupa Batman),146.0,13.0,2.0,Jermaine Kearse
2015.0,Team(Ben's  Basketballs),147.0,13.0,3.0,Terrance Williams
2015.0,Team(Seattle Mist),148.0,13.0,4.0,Ravens D/ST
2015.0,Team(Babanusa Battle Turtles),149.0,13.0,5.0,Steve Smith Sr.
2015.0,Team(The Huskies),150.0,13.0,6.0,Adam Vinatieri
2015.0,Team(Rigger _),151.0,13.0,7.0,Caleb Sturgis
2015.0,Team(Team skittles),152.0,13.0,8.0,Connor Barth
2015.0,Team(Trinidad Tribal Sharks),153.0,13.0,9.0,Cardinals D/ST
2015.0,Team(L.A. Wheat Thins),154.0,13.0,10.0,Anquan Boldin
2015.0,Team(Tittsburgh Feelers),155.0,13.0,11.0,John Brown
2015.0,Team(Team Zobel),156.0,13.0,12.0,Lions D/ST
2015.0,Team(Team Zobel),157.0,14.0,1.0,Justin Tucker
2015.0,Team(Tittsburgh Feelers),158.0,14.0,2.0,Colts D/ST
2015.0,Team(L.A. Wheat Thins),159.0,14.0,3.0,Matt Bryant
2015.0,Team(Trinidad Tribal Sharks),160.0,14.0,4.0,Cody Parkey
2015.0,Team(Team skittles),161.0,14.0,5.0,Marvin Jones
2015.0,Team(Rigger _),162.0,14.0,6.0,Austin Seferian-Jenkins
2015.0,Team(The Huskies),163.0,14.0,7.0,Carson Palmer
2015.0,Team(Babanusa Battle Turtles),164.0,14.0,8.0,Doug Baldwin
2015.0,Team(Seattle Mist),165.0,14.0,9.0,Matt Prater
2015.0,Team(Ben's  Basketballs),166.0,14.0,10.0,Mason Crosby
2015.0,Team(Chalupa Batman),167.0,14.0,11.0,Pierre Garcon
2015.0,Team(Pinkiest Pinkster),168.0,14.0,12.0,Bengals D/ST
2015.0,Team(Pinkiest Pinkster),169.0,15.0,1.0,DeAngelo Williams
2015.0,Team(Chalupa Batman),170.0,15.0,2.0,
2015.0,Team(Ben's  Basketballs),171.0,15.0,3.0,Panthers D/ST
2015.0,Team(Seattle Mist),172.0,15.0,4.0,Nick Toon
2015.0,Team(Babanusa Battle Turtles),173.0,15.0,5.0,Shaun Suisham
2015.0,Team(The Huskies),174.0,15.0,6.0,Tim Tebow
2015.0,Team(Rigger _),175.0,15.0,7.0,Nick Foles
2015.0,Team(Team skittles),176.0,15.0,8.0,David Johnson
2015.0,Team(Trinidad Tribal Sharks),177.0,15.0,9.0,Nick Novak
2015.0,Team(L.A. Wheat Thins),178.0,15.0,10.0,Joe Flacco
2015.0,Team(Tittsburgh Feelers),179.0,15.0,11.0,Dan Carpenter
2015.0,Team(Team Zobel),180.0,15.0,12.0,Javorius Allen
2016.0,Team(Mickey Town),1.0,1.0,1.0,Devonta Freeman
2016.0,Team(Team Zobel),2.0,1.0,2.0,Doug Baldwin
2016.0,Team(L.A. Wheat Thins),3.0,1.0,3.0,Dez Bryant
2016.0,Team(Rigger _),4.0,1.0,4.0,David Johnson
2016.0,Team(Sienna Seagulls ),5.0,1.0,5.0,Mark Ingram
2016.0,Team(Ben's  Basketballs),6.0,1.0,6.0,Julio Jones
2016.0,Team(Pinkiest Pinksters),7.0,1.0,7.0,Doug Martin
2016.0,Team(Trinidad Tribal Sharks),8.0,1.0,8.0,Mike Evans
2016.0,Team(Babanusa Battle Turtles),9.0,1.0,9.0,Jordy Nelson
2016.0,Team(Tittsburgh Feelers),10.0,1.0,10.0,Adrian Peterson
2016.0,Team(Money Ball),11.0,1.0,11.0,Antonio Brown
2016.0,Team(Seattle Mist),12.0,1.0,12.0,Odell Beckham Jr.
2016.0,Team(Mickey Town),13.0,2.0,1.0,Brandin Cooks
2016.0,Team(Team Zobel),14.0,2.0,2.0,Andrew Luck
2016.0,Team(L.A. Wheat Thins),15.0,2.0,3.0,Rob Gronkowski
2016.0,Team(Rigger _),16.0,2.0,4.0,Sammy Watkins
2016.0,Team(Sienna Seagulls ),17.0,2.0,5.0,Brandon Marshall
2016.0,Team(Ben's  Basketballs),18.0,2.0,6.0,Todd Gurley
2016.0,Team(Pinkiest Pinksters),19.0,2.0,7.0,Alshon Jeffery
2016.0,Team(Trinidad Tribal Sharks),20.0,2.0,8.0,LeSean McCoy
2016.0,Team(Babanusa Battle Turtles),21.0,2.0,9.0,Eddie Lacy
2016.0,Team(Tittsburgh Feelers),22.0,2.0,10.0,Amari Cooper
2016.0,Team(Money Ball),23.0,2.0,11.0,DeAndre Hopkins
2016.0,Team(Seattle Mist),24.0,2.0,12.0,A.J. Green
2016.0,Team(Mickey Town),25.0,3.0,1.0,Cam Newton
2016.0,Team(Team Zobel),26.0,3.0,2.0,Arian Foster
2016.0,Team(L.A. Wheat Thins),27.0,3.0,3.0,Jonathan Stewart
2016.0,Team(Rigger _),28.0,3.0,4.0,Carlos Hyde
2016.0,Team(Sienna Seagulls ),29.0,3.0,5.0,Randall Cobb
2016.0,Team(Ben's  Basketballs),30.0,3.0,6.0,Allen Robinson
2016.0,Team(Pinkiest Pinksters),31.0,3.0,7.0,Jamaal Charles
2016.0,Team(Trinidad Tribal Sharks),32.0,3.0,8.0,Keenan Allen
2016.0,Team(Babanusa Battle Turtles),33.0,3.0,9.0,Julian Edelman
2016.0,Team(Tittsburgh Feelers),34.0,3.0,10.0,Carson Palmer
2016.0,Team(Money Ball),35.0,3.0,11.0,Le'Veon Bell
2016.0,Team(Seattle Mist),36.0,3.0,12.0,Russell Wilson
2016.0,Team(Mickey Town),37.0,4.0,1.0,Golden Tate
2016.0,Team(Team Zobel),38.0,4.0,2.0,Josh Gordon
2016.0,Team(L.A. Wheat Thins),39.0,4.0,3.0,Jay Ajayi
2016.0,Team(Rigger _),40.0,4.0,4.0,Jarvis Landry
2016.0,Team(Sienna Seagulls ),41.0,4.0,5.0,Aaron Rodgers
2016.0,Team(Ben's  Basketballs),42.0,4.0,6.0,Thomas Rawls
2016.0,Team(Pinkiest Pinksters),43.0,4.0,7.0,T.Y. Hilton
2016.0,Team(Trinidad Tribal Sharks),44.0,4.0,8.0,Kelvin Benjamin
2016.0,Team(Babanusa Battle Turtles),45.0,4.0,9.0,Tyler Lockett
2016.0,Team(Tittsburgh Feelers),46.0,4.0,10.0,Chris Ivory
2016.0,Team(Money Ball),47.0,4.0,11.0,Lamar Miller
2016.0,Team(Seattle Mist),48.0,4.0,12.0,DeMarco Murray
2016.0,Team(Mickey Town),49.0,5.0,1.0,Ezekiel Elliott
2016.0,Team(Team Zobel),50.0,5.0,2.0,Demaryius Thomas
2016.0,Team(L.A. Wheat Thins),51.0,5.0,3.0,Allen Hurns
2016.0,Team(Rigger _),52.0,5.0,4.0,Eric Decker
2016.0,Team(Sienna Seagulls ),53.0,5.0,5.0,Latavius Murray
2016.0,Team(Ben's  Basketballs),54.0,5.0,6.0,Donte Moncrief
2016.0,Team(Pinkiest Pinksters),55.0,5.0,7.0,Jeremy Maclin
2016.0,Team(Trinidad Tribal Sharks),56.0,5.0,8.0,Jeremy Langford
2016.0,Team(Babanusa Battle Turtles),57.0,5.0,9.0,Matt Forte
2016.0,Team(Tittsburgh Feelers),58.0,5.0,10.0,Michael Floyd
2016.0,Team(Money Ball),59.0,5.0,11.0,Jeremy Hill
2016.0,Team(Seattle Mist),60.0,5.0,12.0,Jimmy Graham
2016.0,Team(Seattle Mist),61.0,6.0,1.0,Matt Jones
2016.0,Team(Money Ball),62.0,6.0,2.0,Duke Johnson Jr.
2016.0,Team(Tittsburgh Feelers),63.0,6.0,3.0,Jordan Matthews
2016.0,Team(Babanusa Battle Turtles),64.0,6.0,4.0,Greg Olsen
2016.0,Team(Trinidad Tribal Sharks),65.0,6.0,5.0,Larry Fitzgerald
2016.0,Team(Pinkiest Pinksters),66.0,6.0,6.0,C.J. Anderson
2016.0,Team(Ben's  Basketballs),67.0,6.0,7.0,DeVante Parker
2016.0,Team(Sienna Seagulls ),68.0,6.0,8.0,Marvin Jones
2016.0,Team(Rigger _),69.0,6.0,9.0,Ameer Abdullah
2016.0,Team(L.A. Wheat Thins),70.0,6.0,10.0,DeAngelo Williams
2016.0,Team(Team Zobel),71.0,6.0,11.0,Rashad Jennings
2016.0,Team(Mickey Town),72.0,6.0,12.0,DeSean Jackson
2016.0,Team(Mickey Town),73.0,7.0,1.0,Travis Kelce
2016.0,Team(Team Zobel),74.0,7.0,2.0,LeGarrette Blount
2016.0,Team(L.A. Wheat Thins),75.0,7.0,3.0,Tavon Austin
2016.0,Team(Rigger _),76.0,7.0,4.0,Blake Bortles
2016.0,Team(Sienna Seagulls ),77.0,7.0,5.0,Melvin Gordon
2016.0,Team(Ben's  Basketballs),78.0,7.0,6.0,Kevin White
2016.0,Team(Pinkiest Pinksters),79.0,7.0,7.0,Jordan Reed
2016.0,Team(Trinidad Tribal Sharks),80.0,7.0,8.0,Frank Gore
2016.0,Team(Babanusa Battle Turtles),81.0,7.0,9.0,T.J. Yeldon
2016.0,Team(Tittsburgh Feelers),82.0,7.0,10.0,Delanie Walker
2016.0,Team(Money Ball),83.0,7.0,11.0,Corey Coleman
2016.0,Team(Seattle Mist),84.0,7.0,12.0,Devin Funchess
2016.0,Team(Seattle Mist),85.0,8.0,1.0,Tim Hightower
2016.0,Team(Money Ball),86.0,8.0,2.0,Torrey Smith
2016.0,Team(Tittsburgh Feelers),87.0,8.0,3.0,Dion Lewis
2016.0,Team(Babanusa Battle Turtles),88.0,8.0,4.0,Stefon Diggs
2016.0,Team(Trinidad Tribal Sharks),89.0,8.0,5.0,Ben Roethlisberger
2016.0,Team(Pinkiest Pinksters),90.0,8.0,6.0,Ryan Mathews
2016.0,Team(Ben's  Basketballs),91.0,8.0,7.0,Derrick Henry
2016.0,Team(Sienna Seagulls ),92.0,8.0,8.0,Emmanuel Sanders
2016.0,Team(Rigger _),93.0,8.0,9.0,Julius Thomas
2016.0,Team(L.A. Wheat Thins),94.0,8.0,10.0,Tom Brady
2016.0,Team(Team Zobel),95.0,8.0,11.0,Laquon Treadwell
2016.0,Team(Mickey Town),96.0,8.0,12.0,Travis Benjamin
2016.0,Team(Mickey Town),97.0,9.0,1.0,Tevin Coleman
2016.0,Team(Team Zobel),98.0,9.0,2.0,Gary Barnidge
2016.0,Team(L.A. Wheat Thins),99.0,9.0,3.0,Michael Thomas
2016.0,Team(Rigger _),100.0,9.0,4.0,Tyler Boyd
2016.0,Team(Sienna Seagulls ),101.0,9.0,5.0,Michael Crabtree
2016.0,Team(Ben's  Basketballs),102.0,9.0,6.0,Drew Brees
2016.0,Team(Pinkiest Pinksters),103.0,9.0,7.0,John Brown
2016.0,Team(Trinidad Tribal Sharks),104.0,9.0,8.0,Martellus Bennett
2016.0,Team(Babanusa Battle Turtles),105.0,9.0,9.0,Eli Manning
2016.0,Team(Tittsburgh Feelers),106.0,9.0,10.0,Markus Wheaton
2016.0,Team(Money Ball),107.0,9.0,11.0,Tyrod Taylor
2016.0,Team(Seattle Mist),108.0,9.0,12.0,Adam Vinatieri
2016.0,Team(Seattle Mist),109.0,10.0,1.0,Dorial Green-Beckham
2016.0,Team(Money Ball),110.0,10.0,2.0,Kamar Aiken
2016.0,Team(Tittsburgh Feelers),111.0,10.0,3.0,Justin Forsett
2016.0,Team(Babanusa Battle Turtles),112.0,10.0,4.0,Giovani Bernard
2016.0,Team(Trinidad Tribal Sharks),113.0,10.0,5.0,Andy Dalton
2016.0,Team(Pinkiest Pinksters),114.0,10.0,6.0,Philip Rivers
2016.0,Team(Ben's  Basketballs),115.0,10.0,7.0,Sterling Shepard
2016.0,Team(Sienna Seagulls ),116.0,10.0,8.0,Danny Woodhead
2016.0,Team(Rigger _),117.0,10.0,9.0,Paul Perkins
2016.0,Team(L.A. Wheat Thins),118.0,10.0,10.0,Isaiah Crowell
2016.0,Team(Team Zobel),119.0,10.0,11.0,Darren Sproles
2016.0,Team(Mickey Town),120.0,10.0,12.0,Vincent Jackson
2016.0,Team(Mickey Town),121.0,11.0,1.0,Texans D/ST
2016.0,Team(Team Zobel),122.0,11.0,2.0,Panthers D/ST
2016.0,Team(L.A. Wheat Thins),123.0,11.0,3.0,Bengals D/ST
2016.0,Team(Rigger _),124.0,11.0,4.0,Jameis Winston
2016.0,Team(Sienna Seagulls ),125.0,11.0,5.0,Steve Smith Sr.
2016.0,Team(Ben's  Basketballs),126.0,11.0,6.0,Coby Fleener
2016.0,Team(Pinkiest Pinksters),127.0,11.0,7.0,Bilal Powell
2016.0,Team(Trinidad Tribal Sharks),128.0,11.0,8.0,Rishard Matthews
2016.0,Team(Babanusa Battle Turtles),129.0,11.0,9.0,Stephen Gostkowski
2016.0,Team(Tittsburgh Feelers),130.0,11.0,10.0,Willie Snead
2016.0,Team(Money Ball),131.0,11.0,11.0,Zach Miller
2016.0,Team(Seattle Mist),132.0,11.0,12.0,Raiders D/ST
2016.0,Team(Seattle Mist),133.0,12.0,1.0,
2016.0,Team(Money Ball),134.0,12.0,2.0,Chiefs D/ST
2016.0,Team(Tittsburgh Feelers),135.0,12.0,3.0,Derek Carr
2016.0,Team(Babanusa Battle Turtles),136.0,12.0,4.0,Mohamed Sanu
2016.0,Team(Trinidad Tribal Sharks),137.0,12.0,5.0,Eric Ebron
2016.0,Team(Pinkiest Pinksters),138.0,12.0,6.0,Mason Crosby
2016.0,Team(Ben's  Basketballs),139.0,12.0,7.0,Michael Thomas
2016.0,Team(Sienna Seagulls ),140.0,12.0,8.0,Tyler Eifert
2016.0,Team(Rigger _),141.0,12.0,9.0,Brock Osweiler
2016.0,Team(L.A. Wheat Thins),142.0,12.0,10.0,Victor Cruz
2016.0,Team(Team Zobel),143.0,12.0,11.0,Dan Bailey
2016.0,Team(Mickey Town),144.0,12.0,12.0,Josh Brown
2016.0,Team(Mickey Town),145.0,13.0,1.0,Devontae Booker
2016.0,Team(Team Zobel),146.0,13.0,2.0,Anquan Boldin
2016.0,Team(L.A. Wheat Thins),147.0,13.0,3.0,Sebastian Janikowski
2016.0,Team(Rigger _),148.0,13.0,4.0,Roberto Aguayo
2016.0,Team(Sienna Seagulls ),149.0,13.0,5.0,Broncos D/ST
2016.0,Team(Ben's  Basketballs),150.0,13.0,6.0,Christine Michael
2016.0,Team(Pinkiest Pinksters),151.0,13.0,7.0,Charles Sims
2016.0,Team(Trinidad Tribal Sharks),152.0,13.0,8.0,Jets D/ST
2016.0,Team(Babanusa Battle Turtles),153.0,13.0,9.0,Cardinals D/ST
2016.0,Team(Tittsburgh Feelers),154.0,13.0,10.0,Rams D/ST
2016.0,Team(Money Ball),155.0,13.0,11.0,Justin Tucker
2016.0,Team(Seattle Mist),156.0,13.0,12.0,
2016.0,Team(Seattle Mist),157.0,14.0,1.0,
2016.0,Team(Money Ball),158.0,14.0,2.0,Marcus Mariota
2016.0,Team(Tittsburgh Feelers),159.0,14.0,3.0,Phillip Dorsett
2016.0,Team(Babanusa Battle Turtles),160.0,14.0,4.0,Jason Witten
2016.0,Team(Trinidad Tribal Sharks),161.0,14.0,5.0,Blair Walsh
2016.0,Team(Pinkiest Pinksters),162.0,14.0,6.0,Martavis Bryant
2016.0,Team(Ben's  Basketballs),163.0,14.0,7.0,Seahawks D/ST
2016.0,Team(Sienna Seagulls ),164.0,14.0,8.0,Zach Ertz
2016.0,Team(Rigger _),165.0,14.0,9.0,
2016.0,Team(L.A. Wheat Thins),166.0,14.0,10.0,Theo Riddick
2016.0,Team(Team Zobel),167.0,14.0,11.0,Josh Doctson
2016.0,Team(Mickey Town),168.0,14.0,12.0,Matthew Stafford
2016.0,Team(Mickey Town),169.0,15.0,1.0,
2016.0,Team(Team Zobel),170.0,15.0,2.0,Tony Romo
2016.0,Team(L.A. Wheat Thins),171.0,15.0,3.0,Ryan Fitzpatrick
2016.0,Team(Rigger _),172.0,15.0,4.0,
2016.0,Team(Sienna Seagulls ),173.0,15.0,5.0,Steven Hauschka
2016.0,Team(Ben's  Basketballs),174.0,15.0,6.0,Graham Gano
2016.0,Team(Pinkiest Pinksters),175.0,15.0,7.0,Spencer Ware
2016.0,Team(Trinidad Tribal Sharks),176.0,15.0,8.0,Jordan Howard
2016.0,Team(Babanusa Battle Turtles),177.0,15.0,9.0,Jared Goff
2016.0,Team(Tittsburgh Feelers),178.0,15.0,10.0,Chandler Catanzaro
2016.0,Team(Money Ball),179.0,15.0,11.0,
2016.0,Team(Seattle Mist),180.0,15.0,12.0,
2017.0,Team(Tittsburgh Feelers),1.0,1.0,1.0,Carlos Hyde
2017.0,Team(Northwest Yeshiva),2.0,1.0,2.0,Demaryius Thomas
2017.0,Team(Money Ball),3.0,1.0,3.0,Le'Veon Bell
2017.0,Team(Mickey Town),4.0,1.0,4.0,Devonta Freeman
2017.0,Team(Rigger _),5.0,1.0,5.0,David Johnson
2017.0,Team(Babanusa Battle Turtles),6.0,1.0,6.0,Jordy Nelson
2017.0,Team(California Golden Bears),7.0,1.0,7.0,Julio Jones
2017.0,Team(Seattle  Sienna),8.0,1.0,8.0,Melvin Gordon
2017.0,Team(Pinkiest Pinksters),9.0,1.0,9.0,Odell Beckham Jr.
2017.0,Team(L.A. Wheat Thins),10.0,1.0,10.0,Jay Ajayi
2017.0,Team(Trinidad Tribal Sharks),11.0,1.0,11.0,LeSean McCoy
2017.0,Team(Hawaii Islanders),12.0,1.0,12.0,A.J. Green
2017.0,Team(Tittsburgh Feelers),13.0,2.0,1.0,DeVante Parker
2017.0,Team(Northwest Yeshiva),14.0,2.0,2.0,Marshawn Lynch
2017.0,Team(Money Ball),15.0,2.0,3.0,Antonio Brown
2017.0,Team(Mickey Town),16.0,2.0,4.0,Brandin Cooks
2017.0,Team(Rigger _),17.0,2.0,5.0,Terrelle Pryor Sr.
2017.0,Team(Babanusa Battle Turtles),18.0,2.0,6.0,Davante Adams
2017.0,Team(California Golden Bears),19.0,2.0,7.0,Michael Thomas
2017.0,Team(Seattle  Sienna),20.0,2.0,8.0,Jordan Howard
2017.0,Team(Pinkiest Pinksters),21.0,2.0,9.0,Lamar Miller
2017.0,Team(L.A. Wheat Thins),22.0,2.0,10.0,Rob Gronkowski
2017.0,Team(Trinidad Tribal Sharks),23.0,2.0,11.0,Mike Evans
2017.0,Team(Hawaii Islanders),24.0,2.0,12.0,DeMarco Murray
2017.0,Team(Tittsburgh Feelers),25.0,3.0,1.0,Adrian Peterson
2017.0,Team(Northwest Yeshiva),26.0,3.0,2.0,Aaron Rodgers
2017.0,Team(Money Ball),27.0,3.0,3.0,Amari Cooper
2017.0,Team(Mickey Town),28.0,3.0,4.0,Ezekiel Elliott
2017.0,Team(Rigger _),29.0,3.0,5.0,Jarvis Landry
2017.0,Team(Babanusa Battle Turtles),30.0,3.0,6.0,Stefon Diggs
2017.0,Team(California Golden Bears),31.0,3.0,7.0,Todd Gurley II
2017.0,Team(Seattle  Sienna),32.0,3.0,8.0,T.Y. Hilton
2017.0,Team(Pinkiest Pinksters),33.0,3.0,9.0,Alshon Jeffery
2017.0,Team(L.A. Wheat Thins),34.0,3.0,10.0,Dez Bryant
2017.0,Team(Trinidad Tribal Sharks),35.0,3.0,11.0,Keenan Allen
2017.0,Team(Hawaii Islanders),36.0,3.0,12.0,Doug Baldwin
2017.0,Team(Tittsburgh Feelers),37.0,4.0,1.0,Derek Carr
2017.0,Team(Northwest Yeshiva),38.0,4.0,2.0,LeGarrette Blount
2017.0,Team(Money Ball),39.0,4.0,3.0,DeAndre Hopkins
2017.0,Team(Mickey Town),40.0,4.0,4.0,Golden Tate
2017.0,Team(Rigger _),41.0,4.0,5.0,Sammy Watkins
2017.0,Team(Babanusa Battle Turtles),42.0,4.0,6.0,Ameer Abdullah
2017.0,Team(California Golden Bears),43.0,4.0,7.0,Derrick Henry
2017.0,Team(Seattle  Sienna),44.0,4.0,8.0,Michael Crabtree
2017.0,Team(Pinkiest Pinksters),45.0,4.0,9.0,Tyreek Hill
2017.0,Team(L.A. Wheat Thins),46.0,4.0,10.0,Tom Brady
2017.0,Team(Trinidad Tribal Sharks),47.0,4.0,11.0,Allen Robinson
2017.0,Team(Hawaii Islanders),48.0,4.0,12.0,Russell Wilson
2017.0,Team(Tittsburgh Feelers),49.0,5.0,1.0,Emmanuel Sanders
2017.0,Team(Northwest Yeshiva),50.0,5.0,2.0,Eric Decker
2017.0,Team(Money Ball),51.0,5.0,3.0,Ben Roethlisberger
2017.0,Team(Mickey Town),52.0,5.0,4.0,Cam Newton
2017.0,Team(Rigger _),53.0,5.0,5.0,Marcus Mariota
2017.0,Team(Babanusa Battle Turtles),54.0,5.0,6.0,Matt Ryan
2017.0,Team(California Golden Bears),55.0,5.0,7.0,Drew Brees
2017.0,Team(Seattle  Sienna),56.0,5.0,8.0,Kirk Cousins
2017.0,Team(Pinkiest Pinksters),57.0,5.0,9.0,Tyrod Taylor
2017.0,Team(L.A. Wheat Thins),58.0,5.0,10.0,Mark Ingram
2017.0,Team(Trinidad Tribal Sharks),59.0,5.0,11.0,Jameis Winston
2017.0,Team(Hawaii Islanders),60.0,5.0,12.0,Frank Gore
2017.0,Team(Hawaii Islanders),61.0,6.0,1.0,Brandon Marshall
2017.0,Team(Trinidad Tribal Sharks),62.0,6.0,2.0,Darren McFadden
2017.0,Team(L.A. Wheat Thins),63.0,6.0,3.0,Larry Fitzgerald
2017.0,Team(Pinkiest Pinksters),64.0,6.0,4.0,C.J. Anderson
2017.0,Team(Seattle  Sienna),65.0,6.0,5.0,Jeremy Maclin
2017.0,Team(California Golden Bears),66.0,6.0,6.0,Ty Montgomery
2017.0,Team(Babanusa Battle Turtles),67.0,6.0,7.0,Tevin Coleman
2017.0,Team(Rigger _),68.0,6.0,8.0,Christian McCaffrey
2017.0,Team(Mickey Town),69.0,6.0,9.0,Terrance West
2017.0,Team(Money Ball),70.0,6.0,10.0,Leonard Fournette
2017.0,Team(Northwest Yeshiva),71.0,6.0,11.0,Devin Funchess
2017.0,Team(Tittsburgh Feelers),72.0,6.0,12.0,Marvin Jones Jr.
2017.0,Team(Tittsburgh Feelers),73.0,7.0,1.0,Kyle Rudolph
2017.0,Team(Northwest Yeshiva),74.0,7.0,2.0,Martellus Bennett
2017.0,Team(Money Ball),75.0,7.0,3.0,Travis Kelce
2017.0,Team(Mickey Town),76.0,7.0,4.0,Kelvin Benjamin
2017.0,Team(Rigger _),77.0,7.0,5.0,Jason Witten
2017.0,Team(Babanusa Battle Turtles),78.0,7.0,6.0,Greg Olsen
2017.0,Team(California Golden Bears),79.0,7.0,7.0,Martavis Bryant
2017.0,Team(Seattle  Sienna),80.0,7.0,8.0,Tyler Eifert
2017.0,Team(Pinkiest Pinksters),81.0,7.0,9.0,Jordan Reed
2017.0,Team(L.A. Wheat Thins),82.0,7.0,10.0,Randall Cobb
2017.0,Team(Trinidad Tribal Sharks),83.0,7.0,11.0,Eric Ebron
2017.0,Team(Hawaii Islanders),84.0,7.0,12.0,Jimmy Graham
2017.0,Team(Hawaii Islanders),85.0,8.0,1.0,Chiefs D/ST
2017.0,Team(Trinidad Tribal Sharks),86.0,8.0,2.0,Vikings D/ST
2017.0,Team(L.A. Wheat Thins),87.0,8.0,3.0,Patriots D/ST
2017.0,Team(Pinkiest Pinksters),88.0,8.0,4.0,Bilal Powell
2017.0,Team(Seattle  Sienna),89.0,8.0,5.0,Texans D/ST
2017.0,Team(California Golden Bears),90.0,8.0,6.0,Delanie Walker
2017.0,Team(Babanusa Battle Turtles),91.0,8.0,7.0,Cardinals D/ST
2017.0,Team(Rigger _),92.0,8.0,8.0,Bengals D/ST
2017.0,Team(Mickey Town),93.0,8.0,9.0,DeSean Jackson
2017.0,Team(Money Ball),94.0,8.0,10.0,Blair Walsh
2017.0,Team(Northwest Yeshiva),95.0,8.0,11.0,Jaguars D/ST
2017.0,Team(Tittsburgh Feelers),96.0,8.0,12.0,Broncos D/ST
2017.0,Team(Tittsburgh Feelers),97.0,9.0,1.0,Isaiah Crowell
2017.0,Team(Northwest Yeshiva),98.0,9.0,2.0,Younghoe Koo
2017.0,Team(Money Ball),99.0,9.0,3.0,Corey Coleman
2017.0,Team(Mickey Town),100.0,9.0,4.0,Zach Ertz
2017.0,Team(Rigger _),101.0,9.0,5.0,Sebastian Janikowski
2017.0,Team(Babanusa Battle Turtles),102.0,9.0,6.0,Stephen Gostkowski
2017.0,Team(California Golden Bears),103.0,9.0,7.0,Panthers D/ST
2017.0,Team(Seattle  Sienna),104.0,9.0,8.0,Matt Bryant
2017.0,Team(Pinkiest Pinksters),105.0,9.0,9.0,Samaje Perine
2017.0,Team(L.A. Wheat Thins),106.0,9.0,10.0,Justin Tucker
2017.0,Team(Trinidad Tribal Sharks),107.0,9.0,11.0,Dan Bailey
2017.0,Team(Hawaii Islanders),108.0,9.0,12.0,Adam Vinatieri
2017.0,Team(Hawaii Islanders),109.0,10.0,1.0,Paul Perkins
2017.0,Team(Trinidad Tribal Sharks),110.0,10.0,2.0,Kenny Britt
2017.0,Team(L.A. Wheat Thins),111.0,10.0,3.0,Thomas Rawls
2017.0,Team(Pinkiest Pinksters),112.0,10.0,4.0,D'Onta Foreman
2017.0,Team(Seattle  Sienna),113.0,10.0,5.0,Kareem Hunt
2017.0,Team(California Golden Bears),114.0,10.0,6.0,Matt Prater
2017.0,Team(Babanusa Battle Turtles),115.0,10.0,7.0,Donte Moncrief
2017.0,Team(Rigger _),116.0,10.0,8.0,Mike Gillislee
2017.0,Team(Mickey Town),117.0,10.0,9.0,Seahawks D/ST
2017.0,Team(Money Ball),118.0,10.0,10.0,Joe Mixon
2017.0,Team(Northwest Yeshiva),119.0,10.0,11.0,Duke Johnson Jr.
2017.0,Team(Tittsburgh Feelers),120.0,10.0,12.0,Adam Thielen
2017.0,Team(Tittsburgh Feelers),121.0,11.0,1.0,Matthew Stafford
2017.0,Team(Northwest Yeshiva),122.0,11.0,2.0,Theo Riddick
2017.0,Team(Money Ball),123.0,11.0,3.0,Pierre Garcon
2017.0,Team(Mickey Town),124.0,11.0,4.0,Mason Crosby
2017.0,Team(Rigger _),125.0,11.0,5.0,Mike Wallace
2017.0,Team(Babanusa Battle Turtles),126.0,11.0,6.0,Darren Sproles
2017.0,Team(California Golden Bears),127.0,11.0,7.0,Corey Davis
2017.0,Team(Seattle  Sienna),128.0,11.0,8.0,Willie Snead
2017.0,Team(Pinkiest Pinksters),129.0,11.0,9.0,Jamaal Williams
2017.0,Team(L.A. Wheat Thins),130.0,11.0,10.0,Jermaine Kearse
2017.0,Team(Trinidad Tribal Sharks),131.0,11.0,11.0,Jordan Matthews
2017.0,Team(Hawaii Islanders),132.0,11.0,12.0,Eddie Lacy
2017.0,Team(Hawaii Islanders),133.0,12.0,1.0,Marqise Lee
2017.0,Team(Trinidad Tribal Sharks),134.0,12.0,2.0,Kendall Wright
2017.0,Team(L.A. Wheat Thins),135.0,12.0,3.0,Robby Anderson
2017.0,Team(Pinkiest Pinksters),136.0,12.0,4.0,Tyrell Williams
2017.0,Team(Seattle  Sienna),137.0,12.0,5.0,Doug Martin
2017.0,Team(California Golden Bears),138.0,12.0,6.0,Dalvin Cook
2017.0,Team(Babanusa Battle Turtles),139.0,12.0,7.0,Tyler Lockett
2017.0,Team(Rigger _),140.0,12.0,8.0,O.J. Howard
2017.0,Team(Mickey Town),141.0,12.0,9.0,Zach Zenner
2017.0,Team(Money Ball),142.0,12.0,10.0,Jonathan Stewart
2017.0,Team(Northwest Yeshiva),143.0,12.0,11.0,Orleans Darkwa
2017.0,Team(Tittsburgh Feelers),144.0,12.0,12.0,Rex Burkhead
2017.0,Team(Tittsburgh Feelers),145.0,13.0,1.0,Chris Thompson
2017.0,Team(Northwest Yeshiva),146.0,13.0,2.0,Giovani Bernard
2017.0,Team(Money Ball),147.0,13.0,3.0,Ted Ginn Jr.
2017.0,Team(Mickey Town),148.0,13.0,4.0,Breshad Perriman
2017.0,Team(Rigger _),149.0,13.0,5.0,Sterling Shepard
2017.0,Team(Babanusa Battle Turtles),150.0,13.0,6.0,Jamaal Charles
2017.0,Team(California Golden Bears),151.0,13.0,7.0,Jamison Crowder
2017.0,Team(Seattle  Sienna),152.0,13.0,8.0,Rob Kelley
2017.0,Team(Pinkiest Pinksters),153.0,13.0,9.0,C.J. Prosise
2017.0,Team(L.A. Wheat Thins),154.0,13.0,10.0,Mohamed Sanu
2017.0,Team(Trinidad Tribal Sharks),155.0,13.0,11.0,Jacquizz Rodgers
2017.0,Team(Hawaii Islanders),156.0,13.0,12.0,Latavius Murray
2017.0,Team(Hawaii Islanders),157.0,14.0,1.0,Dak Prescott
2017.0,Team(Trinidad Tribal Sharks),158.0,14.0,2.0,Matt Breida
2017.0,Team(L.A. Wheat Thins),159.0,14.0,3.0,Cooper Kupp
2017.0,Team(Pinkiest Pinksters),160.0,14.0,4.0,Josh Doctson
2017.0,Team(Seattle  Sienna),161.0,14.0,5.0,Chris Hogan
2017.0,Team(California Golden Bears),162.0,14.0,6.0,Kevin White
2017.0,Team(Babanusa Battle Turtles),163.0,14.0,7.0,Danny Woodhead
2017.0,Team(Rigger _),164.0,14.0,8.0,Carson Wentz
2017.0,Team(Mickey Town),165.0,14.0,9.0,Mike Williams
2017.0,Team(Money Ball),166.0,14.0,10.0,Jeremy Hill
2017.0,Team(Northwest Yeshiva),167.0,14.0,11.0,Austin Hooper
2017.0,Team(Tittsburgh Feelers),168.0,14.0,12.0,Charles Sims
2017.0,Team(Tittsburgh Feelers),169.0,15.0,1.0,
2017.0,Team(Northwest Yeshiva),170.0,15.0,2.0,Laquon Treadwell
2017.0,Team(Money Ball),171.0,15.0,3.0,John Brown
2017.0,Team(Mickey Town),172.0,15.0,4.0,Robert Woods
2017.0,Team(Rigger _),173.0,15.0,5.0,Joe Williams
2017.0,Team(Babanusa Battle Turtles),174.0,15.0,6.0,Julian Edelman
2017.0,Team(California Golden Bears),175.0,15.0,7.0,John Ross
2017.0,Team(Seattle  Sienna),176.0,15.0,8.0,Andrew Luck
2017.0,Team(Pinkiest Pinksters),177.0,15.0,9.0,Cameron Meredith
2017.0,Team(L.A. Wheat Thins),178.0,15.0,10.0,Will Fuller V
2017.0,Team(Trinidad Tribal Sharks),179.0,15.0,11.0,Marlon Mack
2017.0,Team(Hawaii Islanders),180.0,15.0,12.0,Cole Beasley
2018.0,Team(Babanusa Battle Turtles),1.0,1.0,1.0,Leonard Fournette
2018.0,Team(Texas Longhorns),2.0,1.0,2.0,A.J. Green
2018.0,Team(Northwest Yeshiva),3.0,1.0,3.0,Demaryius Thomas
2018.0,Team(Rigger _),4.0,1.0,4.0,David Johnson
2018.0,Team(Tittsburgh Feelers),5.0,1.0,5.0,Alvin Kamara
2018.0,Team(L.A. Wheat Thins),6.0,1.0,6.0,Rob Gronkowski
2018.0,Team(Mickey Town),7.0,1.0,7.0,Ezekiel Elliott
2018.0,Team(Orange Eagles),8.0,1.0,8.0,DeAndre Hopkins
2018.0,Team(The Blue Knights),9.0,1.0,9.0,Julio Jones
2018.0,Team(Money Ball),10.0,1.0,10.0,Le'Veon Bell
2018.0,Team(Pinkiest Pinksters),11.0,1.0,11.0,Odell Beckham Jr.
2018.0,Team(California Golden Bears),12.0,1.0,12.0,Todd Gurley II
2018.0,Team(Babanusa Battle Turtles),13.0,2.0,1.0,Deshaun Watson
2018.0,Team(Texas Longhorns),14.0,2.0,2.0,Derrick Henry
2018.0,Team(Northwest Yeshiva),15.0,2.0,3.0,Aaron Rodgers
2018.0,Team(Rigger _),16.0,2.0,4.0,Christian McCaffrey
2018.0,Team(Tittsburgh Feelers),17.0,2.0,5.0,Carson Wentz
2018.0,Team(L.A. Wheat Thins),18.0,2.0,6.0,Larry Fitzgerald
2018.0,Team(Mickey Town),19.0,2.0,7.0,Devonta Freeman
2018.0,Team(Orange Eagles),20.0,2.0,8.0,Melvin Gordon
2018.0,Team(The Blue Knights),21.0,2.0,9.0,Mike Evans
2018.0,Team(Money Ball),22.0,2.0,10.0,Antonio Brown
2018.0,Team(Pinkiest Pinksters),23.0,2.0,11.0,Tyreek Hill
2018.0,Team(California Golden Bears),24.0,2.0,12.0,Keenan Allen
2018.0,Team(Babanusa Battle Turtles),25.0,3.0,1.0,Jordy Nelson
2018.0,Team(Texas Longhorns),26.0,3.0,2.0,Russell Wilson
2018.0,Team(Northwest Yeshiva),27.0,3.0,3.0,Marshawn Lynch
2018.0,Team(Rigger _),28.0,3.0,4.0,JuJu Smith-Schuster
2018.0,Team(Tittsburgh Feelers),29.0,3.0,5.0,Carlos Hyde
2018.0,Team(L.A. Wheat Thins),30.0,3.0,6.0,Will Fuller V
2018.0,Team(Mickey Town),31.0,3.0,7.0,Brandin Cooks
2018.0,Team(Orange Eagles),32.0,3.0,8.0,Jordan Howard
2018.0,Team(The Blue Knights),33.0,3.0,9.0,LeSean McCoy
2018.0,Team(Money Ball),34.0,3.0,10.0,Davante Adams
2018.0,Team(Pinkiest Pinksters),35.0,3.0,11.0,Alshon Jeffery
2018.0,Team(California Golden Bears),36.0,3.0,12.0,Michael Thomas
2018.0,Team(Babanusa Battle Turtles),37.0,4.0,1.0,Derrius Guice
2018.0,Team(Texas Longhorns),38.0,4.0,2.0,Kerryon Johnson
2018.0,Team(Northwest Yeshiva),39.0,4.0,3.0,Kareem Hunt
2018.0,Team(Rigger _),40.0,4.0,4.0,T.Y. Hilton
2018.0,Team(Tittsburgh Feelers),41.0,4.0,5.0,Adam Thielen
2018.0,Team(L.A. Wheat Thins),42.0,4.0,6.0,Jerick McKinnon
2018.0,Team(Mickey Town),43.0,4.0,7.0,Doug Baldwin
2018.0,Team(Orange Eagles),44.0,4.0,8.0,Stefon Diggs
2018.0,Team(The Blue Knights),45.0,4.0,9.0,Josh Gordon
2018.0,Team(Money Ball),46.0,4.0,10.0,Saquon Barkley
2018.0,Team(Pinkiest Pinksters),47.0,4.0,11.0,D'Onta Foreman
2018.0,Team(California Golden Bears),48.0,4.0,12.0,Corey Davis
2018.0,Team(California Golden Bears),49.0,5.0,1.0,Dalvin Cook
2018.0,Team(Pinkiest Pinksters),50.0,5.0,2.0,Royce Freeman
2018.0,Team(Money Ball),51.0,5.0,3.0,Joe Mixon
2018.0,Team(The Blue Knights),52.0,5.0,4.0,Lamar Miller
2018.0,Team(Orange Eagles),53.0,5.0,5.0,Sony Michel
2018.0,Team(Mickey Town),54.0,5.0,6.0,Marvin Jones Jr.
2018.0,Team(L.A. Wheat Thins),55.0,5.0,7.0,Kenyan Drake
2018.0,Team(Tittsburgh Feelers),56.0,5.0,8.0,Amari Cooper
2018.0,Team(Rigger _),57.0,5.0,9.0,O.J. Howard
2018.0,Team(Northwest Yeshiva),58.0,5.0,10.0,Jay Ajayi
2018.0,Team(Texas Longhorns),59.0,5.0,11.0,Sammy Watkins
2018.0,Team(Babanusa Battle Turtles),60.0,5.0,12.0,Julian Edelman
2018.0,Team(Babanusa Battle Turtles),61.0,6.0,1.0,Travis Kelce
2018.0,Team(Texas Longhorns),62.0,6.0,2.0,Cooper Kupp
2018.0,Team(Northwest Yeshiva),63.0,6.0,3.0,Devin Funchess
2018.0,Team(Rigger _),64.0,6.0,4.0,Matthew Stafford
2018.0,Team(Tittsburgh Feelers),65.0,6.0,5.0,Golden Tate
2018.0,Team(L.A. Wheat Thins),66.0,6.0,6.0,Ben Roethlisberger
2018.0,Team(Mickey Town),67.0,6.0,7.0,Cam Newton
2018.0,Team(Orange Eagles),68.0,6.0,8.0,Jarvis Landry
2018.0,Team(The Blue Knights),69.0,6.0,9.0,Drew Brees
2018.0,Team(Money Ball),70.0,6.0,10.0,Allen Robinson
2018.0,Team(Pinkiest Pinksters),71.0,6.0,11.0,Alex Collins
2018.0,Team(California Golden Bears),72.0,6.0,12.0,Rashaad Penny
2018.0,Team(California Golden Bears),73.0,7.0,1.0,Jimmy Graham
2018.0,Team(Pinkiest Pinksters),74.0,7.0,2.0,Zach Ertz
2018.0,Team(Money Ball),75.0,7.0,3.0,Michael Crabtree
2018.0,Team(The Blue Knights),76.0,7.0,4.0,Rex Burkhead
2018.0,Team(Orange Eagles),77.0,7.0,5.0,DJ Moore
2018.0,Team(Mickey Town),78.0,7.0,6.0,Greg Olsen
2018.0,Team(L.A. Wheat Thins),79.0,7.0,7.0,Chris Hogan
2018.0,Team(Tittsburgh Feelers),80.0,7.0,8.0,Emmanuel Sanders
2018.0,Team(Rigger _),81.0,7.0,9.0,Delanie Walker
2018.0,Team(Northwest Yeshiva),82.0,7.0,10.0,Evan Engram
2018.0,Team(Texas Longhorns),83.0,7.0,11.0,David Njoku
2018.0,Team(Babanusa Battle Turtles),84.0,7.0,12.0,Tevin Coleman
2018.0,Team(Babanusa Battle Turtles),85.0,8.0,1.0,Robby Anderson
2018.0,Team(Texas Longhorns),86.0,8.0,2.0,Tyler Lockett
2018.0,Team(Northwest Yeshiva),87.0,8.0,3.0,Allen Hurns
2018.0,Team(Rigger _),88.0,8.0,4.0,Jaguars D/ST
2018.0,Team(Tittsburgh Feelers),89.0,8.0,5.0,Kirk Cousins
2018.0,Team(L.A. Wheat Thins),90.0,8.0,6.0,Sterling Shepard
2018.0,Team(Mickey Town),91.0,8.0,7.0,Randall Cobb
2018.0,Team(Orange Eagles),92.0,8.0,8.0,Marquise Goodwin
2018.0,Team(The Blue Knights),93.0,8.0,9.0,Jordan Reed
2018.0,Team(Money Ball),94.0,8.0,10.0,Jimmy Garoppolo
2018.0,Team(Pinkiest Pinksters),95.0,8.0,11.0,Isaiah Crowell
2018.0,Team(California Golden Bears),96.0,8.0,12.0,Tom Brady
2018.0,Team(California Golden Bears),97.0,9.0,1.0,Robert Woods
2018.0,Team(Pinkiest Pinksters),98.0,9.0,2.0,Philip Rivers
2018.0,Team(Money Ball),99.0,9.0,3.0,John Ross
2018.0,Team(The Blue Knights),100.0,9.0,4.0,Justin Tucker
2018.0,Team(Orange Eagles),101.0,9.0,5.0,Trey Burton
2018.0,Team(Mickey Town),102.0,9.0,6.0,Jamaal Williams
2018.0,Team(L.A. Wheat Thins),103.0,9.0,7.0,Mark Ingram II
2018.0,Team(Tittsburgh Feelers),104.0,9.0,8.0,Pierre Garcon
2018.0,Team(Rigger _),105.0,9.0,9.0,DeVante Parker
2018.0,Team(Northwest Yeshiva),106.0,9.0,10.0,Eagles D/ST
2018.0,Team(Texas Longhorns),107.0,9.0,11.0,Chargers D/ST
2018.0,Team(Babanusa Battle Turtles),108.0,9.0,12.0,Rams D/ST
2018.0,Team(Babanusa Battle Turtles),109.0,10.0,1.0,Stephen Gostkowski
2018.0,Team(Texas Longhorns),110.0,10.0,2.0,Chris Boswell
2018.0,Team(Northwest Yeshiva),111.0,10.0,3.0,Terrelle Pryor
2018.0,Team(Rigger _),112.0,10.0,4.0,Devontae Booker
2018.0,Team(Tittsburgh Feelers),113.0,10.0,5.0,Dion Lewis
2018.0,Team(L.A. Wheat Thins),114.0,10.0,6.0,James White
2018.0,Team(Mickey Town),115.0,10.0,7.0,Josh Doctson
2018.0,Team(Orange Eagles),116.0,10.0,8.0,Patrick Mahomes
2018.0,Team(The Blue Knights),117.0,10.0,9.0,Martavis Bryant
2018.0,Team(Money Ball),118.0,10.0,10.0,George Kittle
2018.0,Team(Pinkiest Pinksters),119.0,10.0,11.0,Mike Williams
2018.0,Team(California Golden Bears),120.0,10.0,12.0,Marlon Mack
2018.0,Team(California Golden Bears),121.0,11.0,1.0,Nick Chubb
2018.0,Team(Pinkiest Pinksters),122.0,11.0,2.0,Jordan Wilkins
2018.0,Team(Money Ball),123.0,11.0,3.0,Aaron Jones
2018.0,Team(The Blue Knights),124.0,11.0,4.0,Zay Jones
2018.0,Team(Orange Eagles),125.0,11.0,5.0,Michael Gallup
2018.0,Team(Mickey Town),126.0,11.0,6.0,Texans D/ST
2018.0,Team(L.A. Wheat Thins),127.0,11.0,7.0,Tarik Cohen
2018.0,Team(Tittsburgh Feelers),128.0,11.0,8.0,Kyle Rudolph
2018.0,Team(Rigger _),129.0,11.0,9.0,Chris Carson
2018.0,Team(Northwest Yeshiva),130.0,11.0,10.0,Matt Bryant
2018.0,Team(Texas Longhorns),131.0,11.0,11.0,James Washington
2018.0,Team(Babanusa Battle Turtles),132.0,11.0,12.0,Jamison Crowder
2018.0,Team(Babanusa Battle Turtles),133.0,12.0,1.0,Nelson Agholor
2018.0,Team(Texas Longhorns),134.0,12.0,2.0,Tyler Eifert
2018.0,Team(Northwest Yeshiva),135.0,12.0,3.0,Mohamed Sanu
2018.0,Team(Rigger _),136.0,12.0,4.0,Dez Bryant
2018.0,Team(Tittsburgh Feelers),137.0,12.0,5.0,Kenny Stills
2018.0,Team(L.A. Wheat Thins),138.0,12.0,6.0,Nyheim Hines
2018.0,Team(Mickey Town),139.0,12.0,7.0,Chris Thompson
2018.0,Team(Orange Eagles),140.0,12.0,8.0,Titans D/ST
2018.0,Team(The Blue Knights),141.0,12.0,9.0,Jack Doyle
2018.0,Team(Money Ball),142.0,12.0,10.0,Ravens D/ST
2018.0,Team(Pinkiest Pinksters),143.0,12.0,11.0,Kenny Golladay
2018.0,Team(California Golden Bears),144.0,12.0,12.0,Marqise Lee
2018.0,Team(California Golden Bears),145.0,13.0,1.0,Calvin Ridley
2018.0,Team(Pinkiest Pinksters),146.0,13.0,2.0,Matt Breida
2018.0,Team(Money Ball),147.0,13.0,3.0,Wil Lutz
2018.0,Team(The Blue Knights),148.0,13.0,4.0,Dak Prescott
2018.0,Team(Orange Eagles),149.0,13.0,5.0,Adam Vinatieri
2018.0,Team(Mickey Town),150.0,13.0,6.0,Robbie Gould
2018.0,Team(L.A. Wheat Thins),151.0,13.0,7.0,Marcus Mariota
2018.0,Team(Tittsburgh Feelers),152.0,13.0,8.0,DeSean Jackson
2018.0,Team(Rigger _),153.0,13.0,9.0,Brandon Marshall
2018.0,Team(Northwest Yeshiva),154.0,13.0,10.0,Danny Amendola
2018.0,Team(Texas Longhorns),155.0,13.0,11.0,Ronald Jones
2018.0,Team(Babanusa Battle Turtles),156.0,13.0,12.0,Latavius Murray
2018.0,Team(Babanusa Battle Turtles),157.0,14.0,1.0,Austin Seferian-Jenkins
2018.0,Team(Texas Longhorns),158.0,14.0,2.0,
2018.0,Team(Northwest Yeshiva),159.0,14.0,3.0,LeGarrette Blount
2018.0,Team(Rigger _),160.0,14.0,4.0,Harrison Butker
2018.0,Team(Tittsburgh Feelers),161.0,14.0,5.0,Vikings D/ST
2018.0,Team(L.A. Wheat Thins),162.0,14.0,6.0,Broncos D/ST
2018.0,Team(Mickey Town),163.0,14.0,7.0,Doug Martin
2018.0,Team(Orange Eagles),164.0,14.0,8.0,Kenneth Dixon
2018.0,Team(The Blue Knights),165.0,14.0,9.0,Ty Montgomery
2018.0,Team(Money Ball),166.0,14.0,10.0,Keelan Cole
2018.0,Team(Pinkiest Pinksters),167.0,14.0,11.0,Austin Ekeler
2018.0,Team(California Golden Bears),168.0,14.0,12.0,Greg Zuerlein
2018.0,Team(California Golden Bears),169.0,15.0,1.0,Christian Kirk
2018.0,Team(Pinkiest Pinksters),170.0,15.0,2.0,
2018.0,Team(Money Ball),171.0,15.0,3.0,Kalen Ballage
2018.0,Team(The Blue Knights),172.0,15.0,4.0,
2018.0,Team(Orange Eagles),173.0,15.0,5.0,Andrew Luck
2018.0,Team(Mickey Town),174.0,15.0,6.0,Chris Ivory
2018.0,Team(L.A. Wheat Thins),175.0,15.0,7.0,Jake Elliott
2018.0,Team(Tittsburgh Feelers),176.0,15.0,8.0,Duke Johnson Jr.
2018.0,Team(Rigger _),177.0,15.0,9.0,Kelvin Benjamin
2018.0,Team(Northwest Yeshiva),178.0,15.0,10.0,
2018.0,Team(Texas Longhorns),179.0,15.0,11.0,
2018.0,Team(Babanusa Battle Turtles),180.0,15.0,12.0,Jared Goff
2019.0,Team(Trinidad Tribal Sharks),1.0,1.0,1.0,Mike Evans
2019.0,Team(Pinkiest Pinksters),2.0,1.0,2.0,Tyreek Hill
2019.0,Team(Rigger _),3.0,1.0,3.0,JuJu Smith-Schuster
2019.0,"Team(3 Yds, Good Thing Ur Tough)",4.0,1.0,4.0,Davante Adams
2019.0,Team(UofA Wildcats ),5.0,1.0,5.0,DeAndre Hopkins
2019.0,Team(The Injured Reserves),6.0,1.0,6.0,Alshon Jeffery
2019.0,Team(California Golden Bears),7.0,1.0,7.0,Todd Gurley II
2019.0,Team(Northwest Yeshiva),8.0,1.0,8.0,Kareem Hunt
2019.0,Team(Mickey Town),9.0,1.0,9.0,Devonta Freeman
2019.0,Team(Tittsburgh Feelers),10.0,1.0,10.0,Adam Thielen
2019.0,Team(Babanusa Battle Turtles),11.0,1.0,11.0,Travis Kelce
2019.0,Team(Texas Longhorns),12.0,1.0,12.0,Russell Wilson
2019.0,Team(Trinidad Tribal Sharks),13.0,2.0,1.0,Keenan Allen
2019.0,Team(Pinkiest Pinksters),14.0,2.0,2.0,Julio Jones
2019.0,Team(Rigger _),15.0,2.0,3.0,Patrick Mahomes
2019.0,"Team(3 Yds, Good Thing Ur Tough)",16.0,2.0,4.0,Saquon Barkley
2019.0,Team(UofA Wildcats ),17.0,2.0,5.0,Melvin Gordon
2019.0,Team(The Injured Reserves),18.0,2.0,6.0,Le'Veon Bell
2019.0,Team(California Golden Bears),19.0,2.0,7.0,Michael Thomas
2019.0,Team(Northwest Yeshiva),20.0,2.0,8.0,Aaron Rodgers
2019.0,Team(Mickey Town),21.0,2.0,9.0,Brandin Cooks
2019.0,Team(Tittsburgh Feelers),22.0,2.0,10.0,Alvin Kamara
2019.0,Team(Babanusa Battle Turtles),23.0,2.0,11.0,Leonard Fournette
2019.0,Team(Texas Longhorns),24.0,2.0,12.0,James Conner
2019.0,Team(Trinidad Tribal Sharks),25.0,3.0,1.0,Damien Williams
2019.0,Team(Pinkiest Pinksters),26.0,3.0,2.0,Nick Chubb
2019.0,Team(Rigger _),27.0,3.0,3.0,Christian McCaffrey
2019.0,"Team(3 Yds, Good Thing Ur Tough)",28.0,3.0,4.0,Odell Beckham Jr.
2019.0,Team(UofA Wildcats ),29.0,3.0,5.0,David Johnson
2019.0,Team(The Injured Reserves),30.0,3.0,6.0,Stefon Diggs
2019.0,Team(California Golden Bears),31.0,3.0,7.0,Dalvin Cook
2019.0,Team(Northwest Yeshiva),32.0,3.0,8.0,T.Y. Hilton
2019.0,Team(Mickey Town),33.0,3.0,9.0,Ezekiel Elliott
2019.0,Team(Tittsburgh Feelers),34.0,3.0,10.0,Amari Cooper
2019.0,Team(Babanusa Battle Turtles),35.0,3.0,11.0,Joe Mixon
2019.0,Team(Texas Longhorns),36.0,3.0,12.0,Derrick Henry
2019.0,Team(Trinidad Tribal Sharks),37.0,4.0,1.0,Antonio Brown
2019.0,Team(Rigger _),38.0,4.0,2.0,Josh Jacobs
2019.0,Team(Northwest Yeshiva),39.0,4.0,3.0,Phillip Lindsay
2019.0,"Team(3 Yds, Good Thing Ur Tough)",40.0,4.0,4.0,Marlon Mack
2019.0,Team(California Golden Bears),41.0,4.0,5.0,George Kittle
2019.0,Team(Tittsburgh Feelers),42.0,4.0,6.0,Julian Edelman
2019.0,Team(Mickey Town),43.0,4.0,7.0,Zach Ertz
2019.0,Team(Trinidad Tribal Sharks),44.0,4.0,8.0,Aaron Jones
2019.0,Team(California Golden Bears),45.0,4.0,9.0,Chris Godwin
2019.0,Team(Rigger _),46.0,4.0,10.0,Cooper Kupp
2019.0,Team(Rigger _),47.0,4.0,11.0,Kenny Golladay
2019.0,"Team(3 Yds, Good Thing Ur Tough)",48.0,4.0,12.0,A.J. Green
2019.0,Team(Texas Longhorns),49.0,5.0,1.0,Allen Robinson II
2019.0,Team(Babanusa Battle Turtles),50.0,5.0,2.0,Tyler Lockett
2019.0,Team(Tittsburgh Feelers),51.0,5.0,3.0,Kerryon Johnson
2019.0,Team(Mickey Town),52.0,5.0,4.0,Tyler Boyd
2019.0,Team(Rigger _),53.0,5.0,5.0,Calvin Ridley
2019.0,Team(California Golden Bears),54.0,5.0,6.0,Chris Carson
2019.0,Team(The Injured Reserves),55.0,5.0,7.0,David Montgomery
2019.0,Team(UofA Wildcats ),56.0,5.0,8.0,Tevin Coleman
2019.0,"Team(3 Yds, Good Thing Ur Tough)",57.0,5.0,9.0,Mark Ingram II
2019.0,Team(Rigger _),58.0,5.0,10.0,James White
2019.0,Team(UofA Wildcats ),59.0,5.0,11.0,Robby Anderson
2019.0,Team(California Golden Bears),60.0,5.0,12.0,DJ Moore
2019.0,Team(Pinkiest Pinksters),61.0,6.0,1.0,Miles Sanders
2019.0,Team(Pinkiest Pinksters),62.0,6.0,2.0,Andrew Luck
2019.0,Team(Rigger _),63.0,6.0,3.0,Jarvis Landry
2019.0,Team(Babanusa Battle Turtles),64.0,6.0,4.0,Sammy Watkins
2019.0,Team(Rigger _),65.0,6.0,5.0,O.J. Howard
2019.0,Team(UofA Wildcats ),66.0,6.0,6.0,Deshaun Watson
2019.0,Team(California Golden Bears),67.0,6.0,7.0,Christian Kirk
2019.0,Team(Northwest Yeshiva),68.0,6.0,8.0,Sterling Shepard
2019.0,Team(Mickey Town),69.0,6.0,9.0,Cam Newton
2019.0,Team(Tittsburgh Feelers),70.0,6.0,10.0,Tarik Cohen
2019.0,Team(Babanusa Battle Turtles),71.0,6.0,11.0,Baker Mayfield
2019.0,Team(Texas Longhorns),72.0,6.0,12.0,Corey Davis
2019.0,Team(Texas Longhorns),73.0,7.0,1.0,Keke Coutee
2019.0,Team(Babanusa Battle Turtles),74.0,7.0,2.0,Will Fuller V
2019.0,Team(Tittsburgh Feelers),75.0,7.0,3.0,Dante Pettis
2019.0,Team(Mickey Town),76.0,7.0,4.0,N'Keal Harry
2019.0,Team(California Golden Bears),77.0,7.0,5.0,Matt Ryan
2019.0,Team(California Golden Bears),78.0,7.0,6.0,DK Metcalf
2019.0,Team(The Injured Reserves),79.0,7.0,7.0,Marvin Jones Jr.
2019.0,Team(UofA Wildcats ),80.0,7.0,8.0,Evan Engram
2019.0,"Team(3 Yds, Good Thing Ur Tough)",81.0,7.0,9.0,Golden Tate
2019.0,Team(Rigger _),82.0,7.0,10.0,Austin Ekeler
2019.0,Team(UofA Wildcats ),83.0,7.0,11.0,Larry Fitzgerald
2019.0,Team(Trinidad Tribal Sharks),84.0,7.0,12.0,Kenyan Drake
2019.0,Team(Pinkiest Pinksters),85.0,8.0,1.0,Darrell Henderson Jr.
2019.0,Team(Pinkiest Pinksters),86.0,8.0,2.0,Rashaad Penny
2019.0,Team(Rigger _),87.0,8.0,3.0,Rams D/ST
2019.0,"Team(3 Yds, Good Thing Ur Tough)",88.0,8.0,4.0,Drew Brees
2019.0,Team(UofA Wildcats ),89.0,8.0,5.0,Dede Westbrook
2019.0,Team(The Injured Reserves),90.0,8.0,6.0,Lamar Miller
2019.0,Team(California Golden Bears),91.0,8.0,7.0,Greg Zuerlein
2019.0,Team(Northwest Yeshiva),92.0,8.0,8.0,Jared Cook
2019.0,Team(Mickey Town),93.0,8.0,9.0,Bears D/ST
2019.0,Team(Tittsburgh Feelers),94.0,8.0,10.0,LeSean McCoy
2019.0,Team(Babanusa Battle Turtles),95.0,8.0,11.0,Michael Gallup
2019.0,Team(Texas Longhorns),96.0,8.0,12.0,David Njoku
2019.0,Team(Texas Longhorns),97.0,9.0,1.0,Greg Olsen
2019.0,Team(Babanusa Battle Turtles),98.0,9.0,2.0,Bills D/ST
2019.0,Team(Tittsburgh Feelers),99.0,9.0,3.0,Hunter Henry
2019.0,Team(Mickey Town),100.0,9.0,4.0,Marquez Valdes-Scantling
2019.0,Team(Northwest Yeshiva),101.0,9.0,5.0,Courtland Sutton
2019.0,Team(Trinidad Tribal Sharks),102.0,9.0,6.0,Carson Wentz
2019.0,Team(The Injured Reserves),103.0,9.0,7.0,Delanie Walker
2019.0,Team(The Injured Reserves),104.0,9.0,8.0,Dak Prescott
2019.0,"Team(3 Yds, Good Thing Ur Tough)",105.0,9.0,9.0,DeSean Jackson
2019.0,Team(UofA Wildcats ),106.0,9.0,10.0,Curtis Samuel
2019.0,Team(Pinkiest Pinksters),107.0,9.0,11.0,Eric Ebron
2019.0,Team(Trinidad Tribal Sharks),108.0,9.0,12.0,Jordan Howard
2019.0,Team(Pinkiest Pinksters),109.0,10.0,1.0,Ronald Jones II
2019.0,Team(Pinkiest Pinksters),110.0,10.0,2.0,Royce Freeman
2019.0,Team(Rigger _),111.0,10.0,3.0,D'Onta Foreman
2019.0,"Team(3 Yds, Good Thing Ur Tough)",112.0,10.0,4.0,Kyler Murray
2019.0,Team(UofA Wildcats ),113.0,10.0,5.0,Latavius Murray
2019.0,Team(The Injured Reserves),114.0,10.0,6.0,Donte Moncrief
2019.0,Team(California Golden Bears),115.0,10.0,7.0,Geronimo Allison
2019.0,Team(Northwest Yeshiva),116.0,10.0,8.0,Emmanuel Sanders
2019.0,Team(Mickey Town),117.0,10.0,9.0,Harrison Butker
2019.0,Team(Tittsburgh Feelers),118.0,10.0,10.0,Jared Goff
2019.0,Team(Babanusa Battle Turtles),119.0,10.0,11.0,Peyton Barber
2019.0,Team(Texas Longhorns),120.0,10.0,12.0,Nyheim Hines
2019.0,Team(Texas Longhorns),121.0,11.0,1.0,Damien Harris
2019.0,Team(Babanusa Battle Turtles),122.0,11.0,2.0,James Washington
2019.0,Team(Tittsburgh Feelers),123.0,11.0,3.0,Matt Breida
2019.0,Team(Mickey Town),124.0,11.0,4.0,Dion Lewis
2019.0,Team(Northwest Yeshiva),125.0,11.0,5.0,Wil Lutz
2019.0,Team(California Golden Bears),126.0,11.0,6.0,Jaguars D/ST
2019.0,Team(The Injured Reserves),127.0,11.0,7.0,Kalen Ballage
2019.0,Team(UofA Wildcats ),128.0,11.0,8.0,Justin Tucker
2019.0,"Team(3 Yds, Good Thing Ur Tough)",129.0,11.0,9.0,Vikings D/ST
2019.0,Team(Rigger _),130.0,11.0,10.0,Austin Hooper
2019.0,Team(Pinkiest Pinksters),131.0,11.0,11.0,Chargers D/ST
2019.0,Team(Trinidad Tribal Sharks),132.0,11.0,12.0,Tom Brady
2019.0,Team(Trinidad Tribal Sharks),133.0,12.0,1.0,Tyrell Williams
2019.0,Team(Pinkiest Pinksters),134.0,12.0,2.0,Parris Campbell
2019.0,Team(Rigger _),135.0,12.0,3.0,Ka'imi Fairbairn
2019.0,"Team(3 Yds, Good Thing Ur Tough)",136.0,12.0,4.0,Stephen Gostkowski
2019.0,Team(UofA Wildcats ),137.0,12.0,5.0,Ravens D/ST
2019.0,Team(Pinkiest Pinksters),138.0,12.0,6.0,Deebo Samuel
2019.0,Team(California Golden Bears),139.0,12.0,7.0,Philip Rivers
2019.0,Team(Northwest Yeshiva),140.0,12.0,8.0,Devin Funchess
2019.0,Team(Mickey Town),141.0,12.0,9.0,A.J. Brown
2019.0,Team(Tittsburgh Feelers),142.0,12.0,10.0,Anthony Miller
2019.0,Team(Babanusa Battle Turtles),143.0,12.0,11.0,Michael Badgley
2019.0,Team(Texas Longhorns),144.0,12.0,12.0,Marquise Brown
2019.0,Team(Texas Longhorns),145.0,13.0,1.0,Brett Maher
2019.0,Team(Babanusa Battle Turtles),146.0,13.0,2.0,Vance McDonald
2019.0,Team(Tittsburgh Feelers),147.0,13.0,3.0,Cowboys D/ST
2019.0,Team(Mickey Town),148.0,13.0,4.0,Devin Singletary
2019.0,Team(Northwest Yeshiva),149.0,13.0,5.0,Carlos Hyde
2019.0,Team(California Golden Bears),150.0,13.0,6.0,Robert Woods
2019.0,Team(The Injured Reserves),151.0,13.0,7.0,Mohamed Sanu Sr.
2019.0,Team(UofA Wildcats ),152.0,13.0,8.0,Sony Michel
2019.0,"Team(3 Yds, Good Thing Ur Tough)",153.0,13.0,9.0,Jamaal Williams
2019.0,Team(Pinkiest Pinksters),154.0,13.0,11.0,Mecole Hardman
2019.0,Team(Trinidad Tribal Sharks),155.0,13.0,12.0,Trey Burton
2019.0,Team(Trinidad Tribal Sharks),156.0,14.0,1.0,Adrian Peterson
2019.0,Team(Pinkiest Pinksters),157.0,14.0,2.0,Robbie Gould
2019.0,"Team(3 Yds, Good Thing Ur Tough)",158.0,14.0,4.0,Hakeem Butler
2019.0,Team(UofA Wildcats ),159.0,14.0,5.0,Ryquell Armstead
2019.0,Team(The Injured Reserves),160.0,14.0,6.0,Alexander Mattison
2019.0,Team(Northwest Yeshiva),161.0,14.0,8.0,Saints D/ST
2019.0,Team(Mickey Town),162.0,14.0,9.0,DaeSean Hamilton
2019.0,Team(Tittsburgh Feelers),163.0,14.0,10.0,Adam Vinatieri
2019.0,Team(Babanusa Battle Turtles),164.0,14.0,11.0,Jerick McKinnon
2019.0,Team(Texas Longhorns),165.0,14.0,12.0,Patriots D/ST
2019.0,Team(Texas Longhorns),166.0,15.0,1.0,Marqise Lee
2019.0,Team(Babanusa Battle Turtles),167.0,15.0,2.0,Lamar Jackson
2019.0,Team(Tittsburgh Feelers),168.0,15.0,3.0,Josh Gordon
2019.0,Team(Mickey Town),169.0,15.0,4.0,Adam Humphries
2019.0,Team(Northwest Yeshiva),170.0,15.0,5.0,Kenny Stills
2019.0,Team(The Injured Reserves),171.0,15.0,7.0,Jamison Crowder
2019.0,"Team(3 Yds, Good Thing Ur Tough)",172.0,15.0,9.0,Chris Herndon
2019.0,Team(Trinidad Tribal Sharks),173.0,15.0,12.0,Jake Elliott
2020.0,Team(Trinidad Tribal Sharks),1.0,1.0,1.0,Mike Evans
2020.0,Team(Tittsburgh Feelers),2.0,1.0,2.0,Austin Ekeler
2020.0,Team(Texas Longhorns),3.0,1.0,3.0,Russell Wilson
2020.0,Team(Pinkiest Pinksters),4.0,1.0,4.0,Tyreek Hill
2020.0,Team(California Golden Bears),5.0,1.0,5.0,Michael Thomas
2020.0,Team(Nimmo Minnows),6.0,1.0,6.0,Josh Jacobs
2020.0,Team(Cambodia Camel Spiders),7.0,1.0,7.0,Le'Veon Bell
2020.0,Team(Mickey Town),8.0,1.0,8.0,A.J. Brown
2020.0,Team(Northwest Yeshiva),9.0,1.0,9.0,Courtland Sutton
2020.0,Team(Babanusa Battle Turtles),10.0,1.0,10.0,Travis Kelce
2020.0,Team(Nick Choobs),11.0,1.0,11.0,DeAndre Hopkins
2020.0,"Team(3 Yds, Good Thing Ur Tough)",12.0,1.0,12.0,Davante Adams
2020.0,Team(Trinidad Tribal Sharks),13.0,2.0,1.0,Aaron Jones
2020.0,Team(Tittsburgh Feelers),14.0,2.0,2.0,Kenny Golladay
2020.0,Team(Texas Longhorns),15.0,2.0,3.0,Todd Gurley II
2020.0,Team(Pinkiest Pinksters),16.0,2.0,4.0,Julio Jones
2020.0,Team(California Golden Bears),17.0,2.0,5.0,Chris Godwin
2020.0,Team(Nimmo Minnows),18.0,2.0,6.0,Patrick Mahomes
2020.0,Team(Cambodia Camel Spiders),19.0,2.0,7.0,Tyler Lockett
2020.0,Team(Mickey Town),20.0,2.0,8.0,Devin Singletary
2020.0,Team(Northwest Yeshiva),21.0,2.0,9.0,Marlon Mack
2020.0,Team(Babanusa Battle Turtles),22.0,2.0,10.0,Lamar Jackson
2020.0,Team(Nick Choobs),23.0,2.0,11.0,DJ Moore
2020.0,"Team(3 Yds, Good Thing Ur Tough)",24.0,2.0,12.0,Saquon Barkley
2020.0,Team(Trinidad Tribal Sharks),25.0,3.0,1.0,Kenyan Drake
2020.0,Team(Tittsburgh Feelers),26.0,3.0,2.0,Alvin Kamara
2020.0,Team(Texas Longhorns),27.0,3.0,3.0,Derrick Henry
2020.0,Team(Pinkiest Pinksters),28.0,3.0,4.0,Nick Chubb
2020.0,Team(California Golden Bears),29.0,3.0,5.0,Dalvin Cook
2020.0,Team(Nimmo Minnows),30.0,3.0,6.0,Christian McCaffrey
2020.0,Team(Cambodia Camel Spiders),31.0,3.0,7.0,George Kittle
2020.0,Team(Mickey Town),32.0,3.0,8.0,Ezekiel Elliott
2020.0,Team(Northwest Yeshiva),33.0,3.0,9.0,Phillip Lindsay
2020.0,Team(Babanusa Battle Turtles),34.0,3.0,10.0,Joe Mixon
2020.0,Team(Nick Choobs),35.0,3.0,11.0,Miles Sanders
2020.0,"Team(3 Yds, Good Thing Ur Tough)",36.0,3.0,12.0,Odell Beckham Jr.
2020.0,Team(Northwest Yeshiva),37.0,4.0,1.0,Clyde Edwards-Helaire
2020.0,Team(Trinidad Tribal Sharks),38.0,4.0,2.0,Adam Thielen
2020.0,Team(Mickey Town),39.0,4.0,3.0,JuJu Smith-Schuster
2020.0,Team(Tittsburgh Feelers),40.0,4.0,4.0,Amari Cooper
2020.0,Team(Babanusa Battle Turtles),41.0,4.0,5.0,Allen Robinson II
2020.0,"Team(3 Yds, Good Thing Ur Tough)",42.0,4.0,6.0,Leonard Fournette
2020.0,Team(Texas Longhorns),43.0,4.0,7.0,Calvin Ridley
2020.0,Team(Pinkiest Pinksters),44.0,4.0,8.0,Chris Carson
2020.0,Team(Trinidad Tribal Sharks),45.0,4.0,9.0,David Johnson
2020.0,Team(Nimmo Minnows),46.0,4.0,10.0,Keenan Allen
2020.0,Team(Pinkiest Pinksters),47.0,4.0,11.0,Mark Andrews
2020.0,Team(California Golden Bears),48.0,4.0,12.0,Jonathan Taylor
2020.0,"Team(3 Yds, Good Thing Ur Tough)",49.0,5.0,1.0,James Conner
2020.0,Team(Nick Choobs),50.0,5.0,2.0,Melvin Gordon III
2020.0,Team(Babanusa Battle Turtles),51.0,5.0,3.0,D'Andre Swift
2020.0,"Team(3 Yds, Good Thing Ur Tough)",52.0,5.0,4.0,Terry McLaurin
2020.0,Team(Mickey Town),53.0,5.0,5.0,Robert Woods
2020.0,Team(Cambodia Camel Spiders),54.0,5.0,6.0,David Montgomery
2020.0,Team(Nimmo Minnows),55.0,5.0,7.0,Cooper Kupp
2020.0,Team(California Golden Bears),56.0,5.0,8.0,Michael Gallup
2020.0,Team(Trinidad Tribal Sharks),57.0,5.0,9.0,DeVante Parker
2020.0,Team(California Golden Bears),58.0,5.0,10.0,J.K. Dobbins
2020.0,Team(Tittsburgh Feelers),59.0,5.0,11.0,DJ Chark Jr.
2020.0,Team(Trinidad Tribal Sharks),60.0,5.0,12.0,Zach Ertz
2020.0,Team(Pinkiest Pinksters),61.0,6.0,1.0,T.Y. Hilton
2020.0,Team(Tittsburgh Feelers),62.0,6.0,2.0,Darren Waller
2020.0,Team(Texas Longhorns),63.0,6.0,3.0,Stefon Diggs
2020.0,Team(Pinkiest Pinksters),64.0,6.0,4.0,Cam Akers
2020.0,Team(California Golden Bears),65.0,6.0,5.0,CeeDee Lamb
2020.0,Team(Nimmo Minnows),66.0,6.0,6.0,Marquise Brown
2020.0,Team(Nick Choobs),67.0,6.0,7.0,Tyler Boyd
2020.0,Team(Mickey Town),68.0,6.0,8.0,Evan Engram
2020.0,Team(Northwest Yeshiva),69.0,6.0,9.0,Marvin Jones Jr.
2020.0,Team(Babanusa Battle Turtles),70.0,6.0,10.0,Deebo Samuel
2020.0,Team(California Golden Bears),71.0,6.0,11.0,Ronald Jones II
2020.0,"Team(3 Yds, Good Thing Ur Tough)",72.0,6.0,12.0,Kareem Hunt
2020.0,"Team(3 Yds, Good Thing Ur Tough)",73.0,7.0,1.0,Kyler Murray
2020.0,Team(Nick Choobs),74.0,7.0,2.0,Will Fuller V
2020.0,Team(Babanusa Battle Turtles),75.0,7.0,3.0,Raheem Mostert
2020.0,Team(Northwest Yeshiva),76.0,7.0,4.0,Deshaun Watson
2020.0,Team(Mickey Town),77.0,7.0,5.0,Dak Prescott
2020.0,Team(Cambodia Camel Spiders),78.0,7.0,6.0,Julian Edelman
2020.0,Team(Nimmo Minnows),79.0,7.0,7.0,Mark Ingram II
2020.0,Team(California Golden Bears),80.0,7.0,8.0,Tom Brady
2020.0,Team(Pinkiest Pinksters),81.0,7.0,9.0,Matt Ryan
2020.0,Team(Texas Longhorns),82.0,7.0,10.0,Zack Moss
2020.0,Team(Tittsburgh Feelers),83.0,7.0,11.0,Diontae Johnson
2020.0,Team(Trinidad Tribal Sharks),84.0,7.0,12.0,Carson Wentz
2020.0,Team(Pinkiest Pinksters),85.0,8.0,1.0,Henry Ruggs III
2020.0,Team(Tittsburgh Feelers),86.0,8.0,2.0,Adrian Peterson
2020.0,Team(Texas Longhorns),87.0,8.0,3.0,Hunter Henry
2020.0,Team(Pinkiest Pinksters),88.0,8.0,4.0,Preston Williams
2020.0,Team(California Golden Bears),89.0,8.0,5.0,Hayden Hurst
2020.0,Team(Nimmo Minnows),90.0,8.0,6.0,Jerry Jeudy
2020.0,Team(Pinkiest Pinksters),91.0,8.0,7.0,Christian Kirk
2020.0,Team(Mickey Town),92.0,8.0,8.0,Darrell Henderson Jr.
2020.0,"Team(3 Yds, Good Thing Ur Tough)",93.0,8.0,9.0,Jamison Crowder
2020.0,Team(Babanusa Battle Turtles),94.0,8.0,10.0,Darius Slayton
2020.0,Team(Pinkiest Pinksters),95.0,8.0,11.0,Jalen Reagor
2020.0,"Team(3 Yds, Good Thing Ur Tough)",96.0,8.0,12.0,Rob Gronkowski
2020.0,"Team(3 Yds, Good Thing Ur Tough)",97.0,9.0,1.0,James White
2020.0,Team(Nick Choobs),98.0,9.0,2.0,Alexander Mattison
2020.0,Team(Babanusa Battle Turtles),99.0,9.0,3.0,Justin Tucker
2020.0,Team(Northwest Yeshiva),100.0,9.0,4.0,Jared Cook
2020.0,Team(Mickey Town),101.0,9.0,5.0,Harrison Butker
2020.0,Team(Nick Choobs),102.0,9.0,6.0,Latavius Murray
2020.0,Team(Nimmo Minnows),103.0,9.0,7.0,T.J. Hockenson
2020.0,Team(Cambodia Camel Spiders),104.0,9.0,8.0,Brandin Cooks
2020.0,Team(Cambodia Camel Spiders),105.0,9.0,9.0,Jordan Howard
2020.0,Team(Texas Longhorns),106.0,9.0,10.0,Mike Williams
2020.0,Team(Nimmo Minnows),107.0,9.0,11.0,Sony Michel
2020.0,Team(Trinidad Tribal Sharks),108.0,9.0,12.0,Mecole Hardman
2020.0,Team(Pinkiest Pinksters),109.0,10.0,1.0,Antonio Gibson
2020.0,Team(Tittsburgh Feelers),110.0,10.0,2.0,DeSean Jackson
2020.0,Team(Texas Longhorns),111.0,10.0,3.0,Robby Anderson
2020.0,Team(Pinkiest Pinksters),112.0,10.0,4.0,Bills D/ST
2020.0,Team(California Golden Bears),113.0,10.0,5.0,Ravens D/ST
2020.0,Team(Nimmo Minnows),114.0,10.0,6.0,Steelers D/ST
2020.0,Team(Cambodia Camel Spiders),115.0,10.0,7.0,Tarik Cohen
2020.0,Team(Mickey Town),116.0,10.0,8.0,49ers D/ST
2020.0,Team(Northwest Yeshiva),117.0,10.0,9.0,Sterling Shepard
2020.0,Team(Babanusa Battle Turtles),118.0,10.0,10.0,Patriots D/ST
2020.0,Team(Nick Choobs),119.0,10.0,11.0,Antonio Brown
2020.0,"Team(3 Yds, Good Thing Ur Tough)",120.0,10.0,12.0,Aaron Rodgers
2020.0,"Team(3 Yds, Good Thing Ur Tough)",121.0,11.0,1.0,Wil Lutz
2020.0,Team(Nick Choobs),122.0,11.0,2.0,Josh Allen
2020.0,Team(Babanusa Battle Turtles),123.0,11.0,3.0,Emmanuel Sanders
2020.0,Team(Northwest Yeshiva),124.0,11.0,4.0,John Brown
2020.0,Team(Mickey Town),125.0,11.0,5.0,Curtis Samuel
2020.0,Team(Cambodia Camel Spiders),126.0,11.0,6.0,Drew Brees
2020.0,Team(Nimmo Minnows),127.0,11.0,7.0,Greg Zuerlein
2020.0,Team(California Golden Bears),128.0,11.0,8.0,Kerryon Johnson
2020.0,Team(Pinkiest Pinksters),129.0,11.0,9.0,Matt Gay
2020.0,Team(Texas Longhorns),130.0,11.0,10.0,Michael Pittman Jr.
2020.0,Team(Tittsburgh Feelers),131.0,11.0,11.0,Justin Jefferson
2020.0,Team(Trinidad Tribal Sharks),132.0,11.0,12.0,Matt Prater
2020.0,Team(Trinidad Tribal Sharks),133.0,12.0,1.0,Baker Mayfield
2020.0,Team(Tittsburgh Feelers),134.0,12.0,2.0,Cam Newton
2020.0,Team(Texas Longhorns),135.0,12.0,3.0,Jason Myers
2020.0,Team(California Golden Bears),136.0,12.0,5.0,Brandon Aiyuk
2020.0,Team(Nimmo Minnows),137.0,12.0,6.0,Noah Fant
2020.0,Team(Mickey Town),138.0,12.0,8.0,Golden Tate
2020.0,Team(Northwest Yeshiva),139.0,12.0,9.0,Sammy Watkins
2020.0,Team(Babanusa Battle Turtles),140.0,12.0,10.0,Breshad Perriman
2020.0,Team(Nick Choobs),141.0,12.0,11.0,Anthony Miller
2020.0,"Team(3 Yds, Good Thing Ur Tough)",142.0,12.0,12.0,A.J. Green
2020.0,"Team(3 Yds, Good Thing Ur Tough)",143.0,13.0,1.0,Seahawks D/ST
2020.0,Team(Nick Choobs),144.0,13.0,2.0,Mike Gesicki
2020.0,Team(Babanusa Battle Turtles),145.0,13.0,3.0,Parris Campbell
2020.0,Team(Northwest Yeshiva),146.0,13.0,4.0,Ke'Shawn Vaughn
2020.0,Team(Mickey Town),147.0,13.0,5.0,Joshua Kelley
2020.0,Team(Cambodia Camel Spiders),148.0,13.0,6.0,Denzel Mims
2020.0,Team(Nimmo Minnows),149.0,13.0,7.0,Larry Fitzgerald
2020.0,Team(California Golden Bears),150.0,13.0,8.0,Zane Gonzalez
2020.0,Team(Texas Longhorns),151.0,13.0,10.0,Broncos D/ST
2020.0,Team(Tittsburgh Feelers),152.0,13.0,11.0,Colts D/ST
2020.0,Team(Trinidad Tribal Sharks),153.0,13.0,12.0,Randall Cobb
2020.0,Team(Trinidad Tribal Sharks),154.0,14.0,1.0,Saints D/ST
2020.0,Team(Tittsburgh Feelers),155.0,14.0,2.0,Robbie Gould
2020.0,Team(Texas Longhorns),156.0,14.0,3.0,Tyler Higbee
2020.0,Team(California Golden Bears),157.0,14.0,5.0,DK Metcalf
2020.0,Team(Nimmo Minnows),158.0,14.0,6.0,Jarvis Landry
2020.0,Team(Cambodia Camel Spiders),159.0,14.0,7.0,Justin Jackson
2020.0,Team(Mickey Town),160.0,14.0,8.0,Austin Hooper
2020.0,Team(Northwest Yeshiva),161.0,14.0,9.0,Corey Davis
2020.0,Team(Babanusa Battle Turtles),162.0,14.0,10.0,Boston Scott
2020.0,Team(Nick Choobs),163.0,14.0,11.0,Bears D/ST
2020.0,Team(Nick Choobs),164.0,15.0,2.0,Tevin Coleman
2020.0,Team(Babanusa Battle Turtles),165.0,15.0,3.0,Tee Higgins
2020.0,Team(Northwest Yeshiva),166.0,15.0,4.0,Dede Westbrook
2020.0,Team(Mickey Town),167.0,15.0,5.0,N'Keal Harry
2020.0,Team(Cambodia Camel Spiders),168.0,15.0,6.0,Alshon Jeffery
2020.0,Team(Texas Longhorns),169.0,15.0,10.0,Devin Duvernay
2020.0,Team(Tittsburgh Feelers),170.0,15.0,11.0,Josh Gordon
2020.0,Team(Trinidad Tribal Sharks),171.0,15.0,12.0,John Ross III
2021.0,Team(Nick Choobs),1.0,1.0,1.0,Josh Allen
2021.0,Team(Nimmo Minnows),2.0,1.0,2.0,Derrick Henry
2021.0,Team(California Golden Bears),3.0,1.0,3.0,Calvin Ridley
2021.0,Team(Pinkiest Pinksters),4.0,1.0,4.0,DeAndre Hopkins
2021.0,Team(Trinidad Tribal Sharks),5.0,1.0,5.0,Mike Evans
2021.0,Team(Texas Longhorns),6.0,1.0,6.0,Russell Wilson
2021.0,Team(Northwest Yeshiva),7.0,1.0,7.0,Michael Thomas
2021.0,Team(Mickey Town),8.0,1.0,8.0,A.J. Brown
2021.0,Team(Cambodia Camel Spiders),9.0,1.0,9.0,J.K. Dobbins
2021.0,Team(Babanusa Battle Turtles),10.0,1.0,10.0,Travis Kelce
2021.0,"Team(400 Yds, Good Thing Ur Tough)",11.0,1.0,11.0,Davante Adams
2021.0,Team(Tittsburgh Feelers),12.0,1.0,12.0,Austin Ekeler
2021.0,Team(Nick Choobs),13.0,2.0,1.0,Miles Sanders
2021.0,Team(Nimmo Minnows),14.0,2.0,2.0,Patrick Mahomes
2021.0,Team(California Golden Bears),15.0,2.0,3.0,Jonathan Taylor
2021.0,Team(Pinkiest Pinksters),16.0,2.0,4.0,Antonio Gibson
2021.0,Team(Trinidad Tribal Sharks),17.0,2.0,5.0,Aaron Jones
2021.0,Team(Texas Longhorns),18.0,2.0,6.0,Keenan Allen
2021.0,Team(Northwest Yeshiva),19.0,2.0,7.0,Clyde Edwards-Helaire
2021.0,Team(Mickey Town),20.0,2.0,8.0,Robert Woods
2021.0,Team(Cambodia Camel Spiders),21.0,2.0,9.0,George Kittle
2021.0,Team(Babanusa Battle Turtles),22.0,2.0,10.0,Justin Jefferson
2021.0,"Team(400 Yds, Good Thing Ur Tough)",23.0,2.0,11.0,Terry McLaurin
2021.0,Team(Tittsburgh Feelers),24.0,2.0,12.0,Darren Waller
2021.0,Team(Nick Choobs),25.0,3.0,1.0,Nick Chubb
2021.0,Team(Nimmo Minnows),26.0,3.0,2.0,Christian McCaffrey
2021.0,Team(California Golden Bears),27.0,3.0,3.0,DK Metcalf
2021.0,Team(Pinkiest Pinksters),28.0,3.0,4.0,Tyreek Hill
2021.0,Team(Trinidad Tribal Sharks),29.0,3.0,5.0,Amari Cooper
2021.0,Team(Texas Longhorns),30.0,3.0,6.0,Dalvin Cook
2021.0,Team(Northwest Yeshiva),31.0,3.0,7.0,D'Andre Swift
2021.0,Team(Mickey Town),32.0,3.0,8.0,Ezekiel Elliott
2021.0,Team(Cambodia Camel Spiders),33.0,3.0,9.0,David Montgomery
2021.0,Team(Babanusa Battle Turtles),34.0,3.0,10.0,Stefon Diggs
2021.0,"Team(400 Yds, Good Thing Ur Tough)",35.0,3.0,11.0,Saquon Barkley
2021.0,Team(Tittsburgh Feelers),36.0,3.0,12.0,Alvin Kamara
2021.0,"Team(400 Yds, Good Thing Ur Tough)",37.0,4.0,1.0,Najee Harris
2021.0,Team(Cambodia Camel Spiders),38.0,4.0,2.0,Adam Thielen
2021.0,Team(Mickey Town),39.0,4.0,3.0,Joe Mixon
2021.0,Team(California Golden Bears),40.0,4.0,4.0,Ja'Marr Chase
2021.0,Team(Tittsburgh Feelers),41.0,4.0,5.0,Allen Robinson II
2021.0,Team(Babanusa Battle Turtles),42.0,4.0,6.0,Josh Jacobs
2021.0,Team(California Golden Bears),43.0,4.0,7.0,Chris Carson
2021.0,Team(Tittsburgh Feelers),44.0,4.0,8.0,DJ Moore
2021.0,Team(Trinidad Tribal Sharks),45.0,4.0,9.0,Darrell Henderson Jr.
2021.0,Team(California Golden Bears),46.0,4.0,10.0,Myles Gaskin
2021.0,Team(Pinkiest Pinksters),47.0,4.0,11.0,Chris Godwin
2021.0,Team(Nimmo Minnows),48.0,4.0,12.0,Tyler Lockett
2021.0,Team(Tittsburgh Feelers),49.0,5.0,1.0,Cooper Kupp
2021.0,"Team(400 Yds, Good Thing Ur Tough)",50.0,5.0,2.0,Julio Jones
2021.0,Team(Babanusa Battle Turtles),51.0,5.0,3.0,Kyler Murray
2021.0,Team(Nimmo Minnows),52.0,5.0,4.0,Brandon Aiyuk
2021.0,Team(Mickey Town),53.0,5.0,5.0,Mark Andrews
2021.0,Team(Babanusa Battle Turtles),54.0,5.0,6.0,Chase Edmonds
2021.0,Team(Texas Longhorns),55.0,5.0,7.0,Mike Davis
2021.0,Team(Trinidad Tribal Sharks),56.0,5.0,8.0,Lamar Jackson
2021.0,Team(Pinkiest Pinksters),57.0,5.0,9.0,Kyle Pitts
2021.0,Team(California Golden Bears),58.0,5.0,10.0,DeVonta Smith
2021.0,Team(Nimmo Minnows),59.0,5.0,11.0,T.J. Hockenson
2021.0,Team(Nick Choobs),60.0,5.0,12.0,Javonte Williams
2021.0,Team(California Golden Bears),61.0,6.0,1.0,Logan Thomas
2021.0,Team(Nimmo Minnows),62.0,6.0,2.0,Travis Etienne Jr.
2021.0,Team(California Golden Bears),63.0,6.0,3.0,Justin Herbert
2021.0,Team(Pinkiest Pinksters),64.0,6.0,4.0,Tom Brady
2021.0,Team(Tittsburgh Feelers),65.0,6.0,5.0,Damien Harris
2021.0,Team(Texas Longhorns),66.0,6.0,6.0,Odell Beckham Jr.
2021.0,Team(Northwest Yeshiva),67.0,6.0,7.0,Chase Claypool
2021.0,Team(Mickey Town),68.0,6.0,8.0,Aaron Rodgers
2021.0,Team(Pinkiest Pinksters),69.0,6.0,9.0,James Robinson
2021.0,Team(Cambodia Camel Spiders),70.0,6.0,10.0,Kenny Golladay
2021.0,"Team(400 Yds, Good Thing Ur Tough)",71.0,6.0,11.0,Kareem Hunt
2021.0,Team(Tittsburgh Feelers),72.0,6.0,12.0,Dak Prescott
2021.0,"Team(400 Yds, Good Thing Ur Tough)",73.0,7.0,1.0,Robby Anderson
2021.0,"Team(400 Yds, Good Thing Ur Tough)",74.0,7.0,2.0,Dallas Goedert
2021.0,Team(Pinkiest Pinksters),75.0,7.0,3.0,Zack Moss
2021.0,Team(California Golden Bears),76.0,7.0,4.0,Courtland Sutton
2021.0,Team(Mickey Town),77.0,7.0,5.0,JuJu Smith-Schuster
2021.0,Team(Northwest Yeshiva),78.0,7.0,6.0,Henry Ruggs III
2021.0,Team(Texas Longhorns),79.0,7.0,7.0,Raheem Mostert
2021.0,Team(Trinidad Tribal Sharks),80.0,7.0,8.0,Brandin Cooks
2021.0,Team(Pinkiest Pinksters),81.0,7.0,9.0,Ronald Jones II
2021.0,Team(California Golden Bears),82.0,7.0,10.0,Trey Sermon
2021.0,Team(Nimmo Minnows),83.0,7.0,11.0,Tyler Boyd
2021.0,Team(Nick Choobs),84.0,7.0,12.0,Michael Carter
2021.0,Team(Nick Choobs),85.0,8.0,1.0,Laviska Shenault Jr.
2021.0,Team(Nimmo Minnows),86.0,8.0,2.0,Michael Gallup
2021.0,Team(Cambodia Camel Spiders),87.0,8.0,3.0,DJ Chark Jr.
2021.0,Team(Babanusa Battle Turtles),88.0,8.0,4.0,David Johnson
2021.0,Team(Nick Choobs),89.0,8.0,5.0,Deebo Samuel
2021.0,Team(Texas Longhorns),90.0,8.0,6.0,Curtis Samuel
2021.0,Team(Northwest Yeshiva),91.0,8.0,7.0,Marvin Jones Jr.
2021.0,Team(Mickey Town),92.0,8.0,8.0,Jaylen Waddle
2021.0,Team(Pinkiest Pinksters),93.0,8.0,9.0,AJ Dillon
2021.0,Team(Babanusa Battle Turtles),94.0,8.0,10.0,Jalen Reagor
2021.0,"Team(400 Yds, Good Thing Ur Tough)",95.0,8.0,11.0,Gus Edwards
2021.0,Team(Tittsburgh Feelers),96.0,8.0,12.0,William Fuller V
2021.0,Team(Tittsburgh Feelers),97.0,9.0,1.0,Melvin Gordon III
2021.0,Team(Trinidad Tribal Sharks),98.0,9.0,2.0,Kenyan Drake
2021.0,Team(Babanusa Battle Turtles),99.0,9.0,3.0,Harrison Butker
2021.0,Team(Pinkiest Pinksters),100.0,9.0,4.0,James Conner
2021.0,Team(Mickey Town),101.0,9.0,5.0,Devin Singletary
2021.0,Team(Northwest Yeshiva),102.0,9.0,6.0,Trevor Lawrence
2021.0,Team(Texas Longhorns),103.0,9.0,7.0,Robert Tonyan
2021.0,Team(Trinidad Tribal Sharks),104.0,9.0,8.0,Mike Gesicki
2021.0,Team(Nick Choobs),105.0,9.0,9.0,Adam Trautman
2021.0,Team(California Golden Bears),106.0,9.0,10.0,Younghoe Koo
2021.0,Team(Nimmo Minnows),107.0,9.0,11.0,Chuba Hubbard
2021.0,Team(Trinidad Tribal Sharks),108.0,9.0,12.0,Mike Williams
2021.0,Team(Nick Choobs),109.0,10.0,1.0,Darnell Mooney
2021.0,Team(Nimmo Minnows),110.0,10.0,2.0,Elijah Moore
2021.0,Team(California Golden Bears),111.0,10.0,3.0,Trey Lance
2021.0,Team(Cambodia Camel Spiders),112.0,10.0,4.0,Ryan Tannehill
2021.0,Team(Trinidad Tribal Sharks),113.0,10.0,5.0,Alexander Mattison
2021.0,Team(Texas Longhorns),114.0,10.0,6.0,Jarvis Landry
2021.0,Team(Northwest Yeshiva),115.0,10.0,7.0,Nyheim Hines
2021.0,Team(Mickey Town),116.0,10.0,8.0,Justin Tucker
2021.0,Team(Cambodia Camel Spiders),117.0,10.0,9.0,Jamaal Williams
2021.0,Team(Babanusa Battle Turtles),118.0,10.0,10.0,Marquise Brown
2021.0,"Team(400 Yds, Good Thing Ur Tough)",119.0,10.0,11.0,Jakobi Meyers
2021.0,Team(Tittsburgh Feelers),120.0,10.0,12.0,Michael Pittman Jr.
2021.0,Team(Tittsburgh Feelers),121.0,11.0,1.0,Terrace Marshall Jr.
2021.0,"Team(400 Yds, Good Thing Ur Tough)",122.0,11.0,2.0,Matthew Stafford
2021.0,Team(Babanusa Battle Turtles),123.0,11.0,3.0,Latavius Murray
2021.0,Team(Cambodia Camel Spiders),124.0,11.0,4.0,T.Y. Hilton
2021.0,Team(Mickey Town),125.0,11.0,5.0,Cole Beasley
2021.0,Team(Northwest Yeshiva),126.0,11.0,6.0,DeVante Parker
2021.0,Team(Texas Longhorns),127.0,11.0,7.0,Buccaneers D/ST
2021.0,Team(Trinidad Tribal Sharks),128.0,11.0,8.0,Jalen Hurts
2021.0,Team(Pinkiest Pinksters),129.0,11.0,9.0,J.D. McKissic
2021.0,Team(California Golden Bears),130.0,11.0,10.0,Washington D/ST
2021.0,Team(Nimmo Minnows),131.0,11.0,11.0,Jason Myers
2021.0,Team(Nick Choobs),132.0,11.0,12.0,Deshaun Watson
2021.0,Team(Nick Choobs),133.0,12.0,1.0,Rashod Bateman
2021.0,Team(Nimmo Minnows),134.0,12.0,2.0,Ravens D/ST
2021.0,Team(California Golden Bears),135.0,12.0,3.0,CeeDee Lamb
2021.0,Team(Pinkiest Pinksters),136.0,12.0,4.0,Russell Gage
2021.0,Team(Trinidad Tribal Sharks),137.0,12.0,5.0,Steelers D/ST
2021.0,Team(Texas Longhorns),138.0,12.0,6.0,Jason Sanders
2021.0,Team(Northwest Yeshiva),139.0,12.0,7.0,Rob Gronkowski
2021.0,Team(Mickey Town),140.0,12.0,8.0,Rams D/ST
2021.0,Team(Cambodia Camel Spiders),141.0,12.0,9.0,James White
2021.0,Team(Babanusa Battle Turtles),142.0,12.0,10.0,Corey Davis
2021.0,"Team(400 Yds, Good Thing Ur Tough)",143.0,12.0,11.0,Devontae Booker
2021.0,Team(Tittsburgh Feelers),144.0,12.0,12.0,49ers D/ST
2021.0,Team(Tittsburgh Feelers),145.0,13.0,1.0,Tyler Bass
2021.0,"Team(400 Yds, Good Thing Ur Tough)",146.0,13.0,2.0,Tony Pollard
2021.0,Team(Babanusa Battle Turtles),147.0,13.0,3.0,Bills D/ST
2021.0,Team(Cambodia Camel Spiders),148.0,13.0,4.0,Rondale Moore
2021.0,Team(Mickey Town),149.0,13.0,5.0,Giovani Bernard
2021.0,Team(Northwest Yeshiva),150.0,13.0,6.0,Cam Akers
2021.0,Team(Texas Longhorns),151.0,13.0,7.0,Jamison Crowder
2021.0,Team(Trinidad Tribal Sharks),152.0,13.0,8.0,Darrel Williams
2021.0,Team(Pinkiest Pinksters),153.0,13.0,9.0,Patriots D/ST
2021.0,Team(Nimmo Minnows),154.0,13.0,11.0,Darrynton Evans
2021.0,Team(Nick Choobs),155.0,13.0,12.0,Colts D/ST
2021.0,Team(Nick Choobs),156.0,14.0,1.0,Amon-Ra St. Brown
2021.0,Team(Nimmo Minnows),157.0,14.0,2.0,Jerry Jeudy
2021.0,Team(Pinkiest Pinksters),158.0,14.0,4.0,Brandon McManus
2021.0,Team(Trinidad Tribal Sharks),159.0,14.0,5.0,Mecole Hardman
2021.0,Team(Texas Longhorns),160.0,14.0,6.0,Randall Cobb
2021.0,Team(Northwest Yeshiva),161.0,14.0,7.0,Browns D/ST
2021.0,Team(Mickey Town),162.0,14.0,8.0,Parris Campbell
2021.0,Team(Cambodia Camel Spiders),163.0,14.0,9.0,Phillip Lindsay
2021.0,Team(Babanusa Battle Turtles),164.0,14.0,10.0,Javian Hawkins
2021.0,"Team(400 Yds, Good Thing Ur Tough)",165.0,14.0,11.0,Broncos D/ST
2021.0,Team(Tittsburgh Feelers),166.0,14.0,12.0,Diontae Johnson
2021.0,"Team(400 Yds, Good Thing Ur Tough)",167.0,15.0,2.0,Matt Gay
2021.0,Team(Babanusa Battle Turtles),168.0,15.0,3.0,Tee Higgins
2021.0,Team(Cambodia Camel Spiders),169.0,15.0,4.0,Nelson Agholor
2021.0,Team(Mickey Town),170.0,15.0,5.0,A.J. Green
2021.0,Team(Northwest Yeshiva),171.0,15.0,6.0,Josh Lambo
2021.0,Team(Texas Longhorns),172.0,15.0,7.0,Breshad Perriman
2021.0,Team(Trinidad Tribal Sharks),173.0,15.0,8.0,Matt Prater
2021.0,Team(Nick Choobs),174.0,15.0,12.0,Greg Zuerlein
